Name,Address,Net Worth,Age,Wallet Balance,Protocol Count
nerd,0x9d17bb55b57b31329cf01aa7017948e398b277bc,272480,1134,74865,43
DeFiWhale,0x3e8734ec146c981e3ed1f6b582d447dde701d90c,56097789,1447,2588829,34
an0n,0x7bfee91193d9df2ac0bfe90191d40f23c773c060,25019773,2293,2720233,232
nmstarchild,0xf7b10d603907658f690da534e9b7dbc4dab3e2d6,331245,2473,58930,42
0xSupernova,0xbaf88b32025aeaefee010013da46098382475ddc,9752,1156,3936,48
x777,0x786694b02f1d331be540e727f1f2a697c45b57e4,26965,753,8461,123
Ethereum,0xbdfa4f4492dd7b7cf211209c4791af8d52bf5c50,28217682,1235,382183,163
33EE,0x33eecc48943aaeabb5328a25ff28eb85f67945c2,35398011,1797,49538,9
Octoshi,0x5baac7ccda079839c9524b90df81720834fc039f,4282574,1046,170934,30
just_a_guy,0x41bc7d0687e6cea57fa26da78379dfdc5627c56d,18145776,1897,331438,36
SWITCH2CRYPTO,0x10c602dfa415cd81a278e0386fcfd76e1bba2b6f,245,2374,135,2
Pandario,0x5d47e5d242a8f66a6286b0a2353868875f5d6068,449184,2391,112616,200
ShahG,0xba00cf3a169108590020ce016c24a499fffaf69d,7122,1276,3904,12
Jochanan,0x9dc3e0fc228c2455773e70ee9e987ae2a6fbc07d,52474,1198,1070,106
MoneyPrinter1,0x171c53d55b1bcb725f660677d9e8bad7fd084282,34925187,806,214064,13
alexfilippov,0x4225fc4876c4fcda39c12e237df5437b81dd1869,213544,1030,2127,9
popo,0x6cb4890d712c91020df2e62fb7bb869ce6ca3e8a,36997,1088,4579,93
Ehretia_Acunata,0x667a548ae0ffc67bc97e552d74ef6ceb1efbb526,19116,504,3061,26
TradFiWhale,0x5c9e30def85334e587cf36eb07bdd6a72bf1452d,12141885,1197,79371,59
4What,0xd92293daca6bbed57f8cb6d498b48ea93e035e99,14698652,1181,133711,47
Powerstake,0x47441bd9fb3441370cb5b6c4684a0104353aec66,30124361,1520,1284259,11
VietnamPenguin,0xfe5021168d36b8af7d5ddbd98c5baea8b69b42f4,41522,902,17234,24
Enerow,0x0edefa91e99da1eddd1372c1743a63b1595fc413,1370238,1672,28632,9
MrBang,0x69155e7ca2e688ccdc247f6c4ddf374b3ae77bd6,37380,1633,2746,63
Gekko,0xb72ed8401892466ea8af528c1af1d0524bc5e105,933810,1783,133770,43
decacepa,0x277effae0451d72aa4cdde895426f44f12c13fb0,28779,417,2368,36
Poet,0x10b9f7a1435f2486324dcf6a930cfc64332a43bc,12010,1003,10842,21
cryptojazz,0x0b32aa5c1e71715206fe29b7badb21ad95f272c0,15536442,2556,11271,7
CryptoFortochka,0x05bb279648e4e4cbcdecf2d4d6ec310999d444e7,8638,1277,2180,44
topadvert,0x1aa4a66ef0cfa99ca9d39fdad2b05489744c972a,132280,673,2089,78
purplezky,0x631f82fb2a62496d28780a821f47786b05e2278a,7957,1449,6042,70
cp0x_1,0x6f9bb7e454f5b3eb2310343f0e99269dc2bb8a1d,2391296,2623,40124,186
0xbbbc,0xbbbc35dfac3a00a03a8fde3540eca4f0e15c5e64,10900710,1525,107247,9
Ghkkd655dhjjKKg,0x74574b181b26f1e1c810bc4036577704f98d62b0,9589,897,1035,18
defiexplore,0x69ce8d79dfa9d025000e589af0331fec12048111,8646,998,7035,38
Humpy_is_GOLD,0x36cc7b13029b5dee4034745fb4f24034f3f2ffc6,48462236,2015,25320383,46
VY100,0x87f16c31e32ae543278f5194cf94862f1cb1eee0,1227760,1183,3143,28
LongtermIhodl,0x42f50744fabf5e2873bba98234e78b11480fdee8,6621,1304,3254,109
birol61,0xaae8f4b5bb56aac20dfbd50a0d01cd7425af5869,13038,692,2479,23
tencent,0x631ab8eb40588543df900263f864b6376d56a587,52357,1209,24639,110
Vladilena,0x4ee79e19c9c398e364d135f01b25dccc0473047c,27795624,761,21680,3
alex,0xbcb4c8386c097589e7825aaeb9e7c6295835f1d6,213051,2130,10623,81
DeFiGod,0x5dac9ccc215b9af65b486066786f79d9aa0043da,124117,1477,61308,89
lilwassie,0xaf11495f021c5c2c5f5230f40d5d57ebe4059700,81874,1019,5560,60
sdbs,0xef6ecebf334fe51cca3c6ce8d3eb1f4aeda71278,1396,1126,821,3
1f07,0x84a6a7c0674a3aa03e09c026600cb46181821f07,4283043,1343,731926,19
invictus369,0x854f1269b659a727a2268ab86ff77cfb30bfb358,2096742,2400,225227,44
Transhumanist,0xa7888f85bd76deef3bd03d4dbcf57765a49883b3,5566123,1303,115376,46
sisu,0x2b29e2dca8b27e5f30c5fa0f54b802b766fccd4c,21889,879,15505,13
GromVlad,0x48655b457be821670d42b22f94f98044b737f46b,12076,382,4471,32
TrustlessYield,0xbd8abb29e0df0f4392add4fdf653038b6fce76ee,1475013,499,949595,11
Andi777,0x34652b59b9c05924e30e00149982844cdd0aeb23,16331,1307,14991,4
NextLevel,0x0c439c264d4c66a964ae915b20969411ef22667b,62299,982,3661,46
tagor,0xf3745d58f6c33bf3e5adfaa1f77b79a5375b2689,20042,845,20444,1
defigen,0x14ff0bc9417b6796f79768729002a793b51205b8,682198,1424,139950,137
domconex,0x4e5ed30e3b4eb39abce3c150f31e180a3ae5806e,10593104,1166,20777,42
TheWorldBTC,0x7e1d89efe0d75b659fece9159801fd9df37c0ac0,32433,1288,7767,116
IntelGroup,0x0172e05392aba65366c4dbbb70d958bbf43304e4,9061900,2584,5948118,16
kimpercy,0x5d2f29aa18aef827317c48bd2b4f05fa24880038,2161921,2397,176956,44
Doomer,0x36243ade16d74eedbb3f2b8b2ecf286f538ef5fd,248145,620,220627,5
cryptorun,0xada7673b48d656a87cad01bcbafe6b1ee6d621ed,119075,2486,51846,170
MrBlueSky,0xc32b7438b3df7844c9ee799930a2224fe6e26426,108428,2627,3804,108
youmorist,0x31d4dcc55abf901ace6e18188151113b9971740c,28869,1160,3466,95
cucbku,0x011b0a055e02425461a1ae95b30f483c4ff05be7,17366839,1771,2335,29
QUID,0x0228028a0c92cfd9743e561a96b16edbb4606054,1799719,832,218183,8
CryptoFreak,0x4070e40fc3e382437ab7bac2249205d276bdd15a,26756,2458,6801,112
nelsonmandela,0x90c0bf8d71369d21f8addf0da33d21dcb0b1c384,1714699,2382,109747,241
DeBankCanada,0xa9ea89270c5c64cc9bfcede9b8bb1c5b76b4b448,101481,944,98831,2
Hikarypool,0x5c051c0ff69b6f5fdd47e847eb370dd48726ec4d,26315,1140,8823,18
FantomKing,0x25954b95ea02df586e07688de9543eea5bae31d7,101918,2198,16093,28
samurai,0xde6b2a06407575b98724818445178c1f5fd53361,10680041,1466,8560,33
Mican,0xb707357cd23682120459e0bdb385401185de5e3b,316425,2381,245233,26
ponziscam,0xa2b16c27c0766a1df18892f7b0413b4f5806ee4d,644803,1462,51694,37
fulmer,0xc47fae56f3702737b69ed615950c01217ec5c7c8,2963013,1849,471350,36
hannry,0xa6ed26749cb54591291b4550a82f15ff64ae98d9,287510,1447,250684,18
SoldmanGachs,0xa4c8d9e4ec5f2831701a81389465498b83f9457d,320988,1267,47308,49
Richie_Rich,0xcedafb4137505a23238e225378293e6c0fde1745,57454,625,17909,10
shackler,0xef125e49fb1a1bc5f8025b364ca5486368ff87a9,104990,1173,11881,40
snehur,0xbdcd88b1967b6e0e47df420e5882286776e74afb,510870,1062,197034,15
Ramalinga,0x3ccc596a2be298ff9e94bc583bc1de6429cd0f0a,1920317,1171,8414,13
JSpro,0x27fae9d8f186651a0e6fe084cd4feaaf2533d9f1,339080,1036,22338,76
Indodax,0x11d67fa925877813b744abc0917900c2b1d6eb81,6123906,953,408813,141
Tiptop,0x4cd1f8562243d8715acf220f76bd7d41243edf30,82177,1383,9308,63
airdropfighter,0x0a5abc4eef196994abb9cd34fa8fe9229ce53e4f,51596,2269,4356,50
kirby,0x6cd68e8f04490cd1a5a21cc97cc8bc15b47dc9eb,1528549,1495,773561,39
fancake,0xa96cc6e271f0c77c695e0013673831f9dc182fdc,751520,1436,23960,76
ZeroPants,0x614d98a57a5d879d717152de0690ed2b04562ade,4505786,2475,2313,15
GoatNews,0x93ff77b40d9a1e7d8d92b496221d76d31352be1c,14775,652,5918,19
KateCrypto,0x3150bdcda1b41e0f2a550955839f6b2c723ad0b7,69039,240,1501,43
Sufidyanov,0x88eeb79b0cce7000142bbb474562663b4ab623db,32251,1089,6924,89
USDC,0xa417100ddcd35787e6c0598e63db45ef5ecca567,231282,1166,56306,90
NeedMoreCrypto,0x332e358814d56591d730526a3c6756b25c2f765e,1782,456,1043,23
ROMKA,0x5d8d9668ff0a655486027c97111c14a99316eb42,55777,1007,1454,29
What_an_ID,0xe65f3930aa2cc8711ef0d8c2244978a7f4a66c6a,723812,1844,64060,18
DeFi_Club,0xd16f4529c9e88eecc04a04f2ee9fdfd05f6b4a01,134671,642,75103,9
G_DANGER,0xae6b10bd40d92c00a0a7582d055d687f1ce47edf,117682,626,42129,86
CryptoCat,0x0a5e1db3671faccd146404925bda5c59929f66c3,1790798,721,13691,6
fracia,0x630eaf1754e9494f2f449179de63e7a0a098c6fe,78337,1297,7855,27
0xab9,0xab961d7c42bbcd454a54b342bd191a8f090219e6,10066965,865,3707205,10
airdropExpert,0x8b9869a87d5d5128eb742fbaed44441e90327e10,227011,1372,9041,124
DeFiVault,0x505d981b8d0df243f06f8a8b49d7d514dab98552,765060,962,171748,27
Grobhl,0xb08d123fe69701a7d40f036cd52bcbe25e708199,57621,1177,3556,26
Peace,0xfbea6f2b10e8ee770f37fff9b8c9e10d9b65741d,48706,1448,525,5
blacky,0x3fbe67056c7cc17e86e76f87fda86f8d3d7a2749,36846,909,4632,29
pourhaji,0x47acaee373848a266a220125203460e3921677ed,12496,1082,10328,42
phihung209,0xd692e8e0dbd3b4b9dfefe0500f097c17abea4583,27128,2463,5320,34
BugsBunny,0xa67b426eb6de4c24ecb3f778ed3f9c09ae0699cb,655257,1367,10813,18
0xMe,0x4cd6b970f42b41ee58c2e4b7ab99863d5ae52a23,1476768,1452,91438,44
Taliba,0x6595a41a2ebe230522076c544fb2de11a6666226,1649998,1267,209463,58
AIR888,0x599f93f297bb772e57e9e4921b1a589a4a762146,112765,390,23414,62
rennegade,0x51f6749dee3510f983c15b7c239cc6df4e4054ea,11897,1200,5164,61
Pencha,0xd1c805676244085838262806ffb92b21421e5b8d,10537,2172,3019,35
Admiral,0x7ac34681f6aaeb691e150c43ee494177c0e2c183,4594665,2597,1015760,15
visv555,0x952ea8ac9a65fcacf9ce57cc0797726962c7b614,2615,1025,1396,23
vitalik,0xc1e42f862d202b4a0ed552c1145735ee088f6ccf,184146,1526,3217,19
Millionaire,0xbdb7819a671b83e04800a98e00294a67d7d2ec7a,227116,990,19434,10
iKari_eth,0x05a256ae5ab12f3eddfbb60dbee61ff3bc8d49d0,22045,2443,2828,27
drive,0x90e06d2d9705c181bad2a4e7c3dca13631a6f479,28608,998,9358,59
RoseannePark,0x9c01b839c6091e519fd4749efa8b81e190c6d892,140853,992,10378,31
Alex_NL73,0x1fad5377181e3988aa194d2ee8f4ee887df85ac2,13194,2200,7356,47
EverydayWhale,0x26fcbd3afebbe28d0a8684f790c48368d21665b5,2432726,2231,209047,29
FOMO,0x3ec6732676db7996c1b34e64b0503f941025cb63,3518222,2537,323136,73
romank,0xf58d15f9913829e1b61e92399dc77b082e6825a1,47507,1278,16065,72
Odessa,0xeee072349a531cbd66ba9fd1a6d55197a1fc022b,60585,987,5716,41
fuel_hd,0x987d7c047ae706ee92ee3fd79813471e0337bd00,22104,1484,7729,67
DeFiance,0x9c20b6eb1452e6ad77d67a8b5d86fddc384e93f3,54110,834,17816,26
Raul0287,0x717e0f4d7ab0f5d201c070816f87607ea41f1432,21626,1283,9921,19
LilScrappy,0x499487f6be895b71cf57881c22d5f6d855fcb8a2,431242,991,159774,56
nett,0x78a18ddecda44f7d298d9b37512ed8a7f6b226c7,28687,1518,1845,114
yobit,0x9ed2af9d4ab71740e4d63fab593be7e8701ea169,582882,1236,670854,11
VegasLex,0x4717667dd42951e5f5e38e32eac8dfcb42ef3bf6,7452,831,796,15
aadvark,0x29eb182b934780bb25c4656268df4c919225e707,27677,1368,9749,29
0xmiz,0xf69d32ae6eda4d105885a314ab2c0a63905e163c,78117,848,14772,27
yieldfarming,0x473d3a2005499301dc353afa9d0c9c5980b5188c,815117,669,11526,41
mike0182,0xcd0d4cdb238eec15fcf4ff9d13d5a59051e507d7,366083,1488,26117,226
MoJoJoJo,0x59a9f07bc3c3d3765e835e825c8f942232d017c0,63556,693,6838,78
sh1t,0xd2c991cc5bdbb00195b8c814abc1cb195dbba910,37416,1308,1856,50
Semenchuk,0x780f6788da1f70110b9d7dd96d78e8c2efae1111,148261,919,148313,3
EvilDoom,0x5c797bbeefc7aa6124ec07ea6a0c581d9cb48fa7,59255,1495,5076,15
Konopok,0x65c76a684dbfd773bab8a7463e7498686bafd833,14450,1253,10130,5
JJJn,0x34a500632be5498a463fadf5be7258c1cf7bf52b,8284,1277,6430,22
CryptoBatDog,0xe1f8afc92644bfe77080d7dcb0f936f578e00f53,3082921,2726,1028049,17
TheGreyOne,0x8f9be4310f9abb0e5843cc6363908c9b01dfeb3f,281482,2471,83855,139
Punkk,0xc69ae428f6049e78d445f053d2c1df879c59b34c,349989,1546,84516,75
YoungHustler,0x0c86262354095fa35a21b58af3e0dd94d0ba767c,277420,1284,259661,12
CAKE,0x9c016d9a1ce53658f7a975f796735b4e010013bc,12214,1091,1892,25
luzerne,0x744f617343f03bb7c9d52a6d84f87aa4b1017fac,16489,1871,6053,81
ngmi,0x7532a9e3e9475337c8a907428e35932a20959fdf,145603,1910,132622,25
1771,0x59f43f0b6f90af9485754456776c99be766e5e8e,9423,1596,9393,13
Rainmaker,0x862b4167e67f3ba9ed662d8ea2d0b9a40b49714b,614632,1267,3857,3
ArcLing,0xa5fa6f7a47cce9381cbc63edc9dd55d3520270c9,149269,1268,8223,50
neko,0xa7e5a837382c4b2a484bd2afadc8b5a5f6d74e87,125345,2189,3111,34
greenfund,0xa53a13a80d72a855481de5211e7654fabdfe3526,11601241,2534,261335,30
TopBigSBHodler,0xaa0c3d6fd25aa2c23aed2659197ef39aea306172,385494,1191,116263,3
zkevm,0x99e4530a9965dcaca8aad011714ce1446667e4eb,17739,815,5149,136
DREPPA,0x1a12586db403133cead34d073ba33ea95b339eae,8197,1139,4198,29
caybach,0x50df7d6ef23c1e77dbcf49031a7f37e77e8fe0ba,206634,1723,93560,19
vetal,0x685c99e8780e5a7f158617cc2e9acc0e45a66120,13139,1275,2355,163
Vicryptovic,0x57786979c5088e17807fed6a6e4faa5330d63079,42309,1215,9405,120
zavahim,0xffce72731793bc717b2aa4a13ff00343483012e1,28777,832,18822,29
LissStern,0x544a40955ba1c7e56e161a59e1319e3313c25251,696397,2276,21802,124
OrangeX,0x3b52de48a9457cd662485dc5e7971e02e9c2bee1,42589,1444,29970,10
shrew,0xb0cbdabfc728ac3cac3a14420028c495deb96b77,47333,1018,2217,8
Bogdan,0xa734439d26ce4dbf43ed7eb364ec409d949bb369,150856,1434,9075,61
Moradi1990,0x894c933c4113fa86a84262f12610d4e8266e9194,15260,1074,2766,125
BuyXMR,0x87fbd42df33ca8385ae30315b4b3c3ab5b73f51c,1180707,441,36900,10
0xJeremy,0x8fb20c72139b2a971ab814503d61111349f8cc78,505542,1323,59561,103
bykur,0x5a27d268e830655e908a0a2c3b24f572695af5e8,18337,1445,13175,122
tai56,0x26f3fd2a9942cefc2d4f846739eee33a562e38c9,52420,1511,28754,12
ao_investman,0x33a924165e1f2be5142fd19d1b2f091cb23bfd3f,59690,2547,37241,36
LuxuryHomes,0x111728d5a789c418d1d9a282bf01ba4bb487c96a,20578,360,46,1
Darth,0x93907de38066d70109935732757b625d636e47b6,35599,1424,6420,87
sigeru1909,0xdf3bd15a1b1a724163725352c9baac851dc547fe,7196,666,3807,27
madnessinvestor,0x083c828b221b126965a146658d4e512337182df1,19165,1000,1462,37
DeDFL,0xebd65d1b26f715fc87caf1c12f0cad36ce44fdf5,19798,972,452,32
up1000x,0x88398dac284753fc651cd475b42aa507413f4fd2,54322,1239,32774,110
Sausages,0x5580ba66f8d6dc71adb0ca1d1c6b3d142ff7aaca,263533,2553,3473,53
TDM503,0x7522682a93738e7da3ab42959d61cd809fe62440,105355,1330,32989,25
ZYAK1991,0x9ec652154528cb076da2842b463b3263f3f1a003,18679,1499,5200,67
BigChino,0x02d10f41f3a88614c63f718272c60da7bf37a53e,709113,617,82556,70
Mr_Gash,0x4155dc39c838405689b73c4bbaa5ec5fea9d108d,723046,263,748807,3
Samito,0xcb0d7149e65b51891eacbeaee59775ac207d7fb3,8829,962,1944,35
Acty,0xe570f9bf7ece5a8b86289588c077dc69cac7111a,11407,1071,1233,13
aomooon,0x821d92e6e62a2004e2cec914c23a9f346add0331,35069,2422,7889,113
IIIaPka,0x82e5b6ad650fe2741bfca6a095d493cf97ead16b,99109,851,1806,90
JordanBelfort,0xf567361ff0bcdcad1252c8e2fb8e5d4a9bb4e266,6545015,1484,1381,4
inukun,0x10b549dfea119302a96f23d7e53f49a059b50037,11519,1194,5860,38
NAGI,0xe9a830ab84558da8fbb7995306bdeda3f1f6d1de,34029,2432,11227,100
lemiscate,0x329c54289ff5d6b7b7dae13592c6b1eda1543ed4,2475573,1276,92099,33
SKAKUN,0x5869458f360d8c1ce49e35fccb3d0a1f25e8d533,708381,2369,232037,4
kappalambda,0xa91c2ceb9d2e343bfd5a12d5b3b3794346a8c473,714798,2376,122916,12
tradinvestof,0xc9e49b394ca625027f322b797d95c3fb6b550b4c,8074,686,5003,79
mozzz,0x80b3153f39aeec1ef68adc038913698e103e6e1d,3696552,2483,18361,25
Cryptopunk13,0xad036a7e58dfa18a6511e85d29b0341e16bcbd9b,38227,1042,10522,28
Renegade06,0xdf974829f6d977370b21e065ae445390cb9d010c,26813,1416,17608,4
DADDYCASH,0xd1cc6444fa70665f5daebcd9e23cd31b764fc76a,55526,1069,4180,21
jkhota,0x16ec5ee1cc431ca95de00b6c88d21d0b4d3fc2a6,8889,1571,1611,35
Wikiblockchain,0x451248229712d6f207ff9466d8d3a33cb59d103c,104831,2447,34554,69
Slay,0xe79f6334107a5fca525104e11bd6ab9f160edfd8,20286,1109,4711,32
metil,0xf8a09bf413576a2e8b406dae09732aae29a1c8d4,6935,1336,647,67
holy,0xf6261d145ec7676dc0e55424b679403f1ca89640,241109,1031,31585,28
pazzekalle,0x6d81fbdba7cc3afb7926f80c734965746b297668,77348,1286,4235,39
satoshiboss,0x148f4e63611be189601f1f1555d4c79e8cebddc8,25880,591,595,78
pudding,0x5922160c970573663914f8e53644a0615e8fa8d2,3158046,1274,14148,28
Indonesia,0xb1c0d822e2cd6d564d71b50aa02fdee9d198943e,18386,1396,1780,16
nemo,0xef80c44d996ebac95aa62589986fb3fcdfe3f7d9,1534862,1385,234507,32
Yamete,0x9e47fbb2a2a27b3b02e4a63b3ef5a3dc863c0223,570517,650,112871,69
DuongLong,0xef71765e87a4ee54b8648e785420cc3562be1313,14914,1379,4151,41
INNA,0xee83ae872f88554a00fc9fae7052823cb4c07f80,2797,594,1100,57
Kseniya07,0x4cb115e1189cb13a029525aa731c161a2c8e2fc6,34963,342,28691,28
OLEG887,0xcecd14f243ffcf0fc01419baf2a8221fdf7646e1,10564,1177,3442,85
love2bluff,0x2068d14ee50772dd6e89c6f64f32adad0cc936ef,818658,1256,211122,97
Binance,0xf7476db5b717ac661c027e684456115ab1e728c3,252857,2556,17433,29
omanizen,0xcb726f13479963934e91b6f34b6e87ec69c21bb9,774264,2984,25400,34
padre,0x0bc208668fc26079a688dc02eaa7c3e395f41ea0,57408,1892,58259,27
Mioku,0x4a395b0efc9907a195c81564c10a985c7e9f6a15,7905,1957,5549,26
satosha,0x86c2481ee397fff92459ee5ae5aacfa53bdd991c,33244,580,15214,13
0x1st,0xa7f053d0a4df46577428b84fb3a59e98775ee698,42894,1169,11289,145
RmnZ,0xc0bc7bbc9afa9b0577d10bd3eb636c8d3ab841d3,347633,2429,29828,38
KyojuHashira,0xaf198e3593b61be3469d856c57961daa49be4852,15684,1047,2476,73
alankeungz79,0x627b63da1391deac116397a09a6efc644375709e,50157,833,1933,70
richmond,0xae796fea209c83631c26a31aee1136bc167c5ef6,58934,995,3908,9
cellframe,0x58f7fb3ce26f55fe2ff9ff040ceab2023edbdbc7,1348,1319,1232,8
cLEarn,0x9bd215c2530df574657510b2f991d5c326df7c50,17518,2332,4107,85
Noin,0xf3eab2365c8689d7d429e9cf03c78b29f07907b1,151535,1276,6285,61
ordi,0x5b8b87331e484afb35138da956aa30be26c1f22f,2106,1466,1546,26
Cars,0x51b5be9a2df553da112539b913bbbd86a442486a,15676,1090,12793,27
Oprah,0x156daf376cfbdd938c470a227508b0ba022c998f,2603744,1148,35578,48
Ares,0x8007221ab6bdb20496eb74d038cbc5d590d1bea9,22490,2418,3244,20
slappjakke,0xa60aadf62907bf06dd714781d44bbd4c2d783259,633734,1483,99663,40
Tson,0xd6cb7a7b544e24e5160a948a16c45b1096276f9d,2097647,2532,61447,104
blondin,0xc4bcb71f79d3d864f1f4bf6521cce5b55980a64f,11304,1277,5100,54
Vidmike,0x98325c702bdc6041e374677c93a91ea7e90e332d,22715,331,5148,28
benjaverse,0x3c2573b002cf51e64ab6d051814648eb3a305363,117659,1229,3277,105
Jarouge,0xd8a86dd188c182e4cdcea84463c6dd5db9be2592,11672,1278,3640,7
anonymous_john,0x6648b5554632ed5d6ec27ec6737e98a0a3dbbc94,321213,2458,101716,40
0xhamed,0xc077c537727b07a6521332da75fa8966192f425d,28715,1005,12649,79
onlinecasino,0xa77ce92a601d504a6d64af843eb5a3994616969c,42050,1599,22861,110
Antalum,0x36d4b301334eddcf5ff9603750a81c4799ed9f44,5705,1186,3533,18
a16z,0x66b870ddf78c975af5cd8edc6de25eca81791de1,9472,1162,1779,43
DefiRat,0xeec38a8835bf98eb8f4abee900455a5175d836a3,38502,1533,14800,18
x_l1bra,0xa1315d4a704e631c72ac23233141d77c0b143423,14219,648,3753,17
soho_crypto,0x23e18f42c95a6fb23b2d2014f394d86fe5d2c12f,7605,631,7099,4
earlycurve,0xa40eb69d2adbd34ea73ea1dfd049f825e8216eb0,175675,2245,35426,26
Cryptopia,0x4d108fc1d0cd7c14d85996599d6c3215a92a5c47,42854,1235,12169,26
LeoH,0x049808d5eaa90a2665b9703d2246dded34f1eb73,362109,2617,73603,59
EverSupreme7,0xabf5416caaa4734697986e0440bd37c3f68d72a3,12397,299,5617,30
drama,0xefbc53e0afdc9f649bc1ab692461df57e70a560f,54014,1011,10079,51
hodlthedoor,0xa4b6eeeb7eba0fc360a7402f2ebe90c178115e91,14543,951,4964,11
D1ke,0x730bbe154972f467062b3d91130ad36e67e55ca2,54382,1792,4162,21
mastroalex25,0xf622101e8f0e955ed714799ad17c21992c8f243b,93147,2048,51509,33
Lara,0x003a3eb1a1d2ad3bea19ae06324727beeeec2e34,4527,887,2684,24
BlueBells,0xa2425918f30af40db42b7ed6197be7f7be43895f,334199,488,5420,14
9292,0x3540f28a9ea3615130bf39fc45502444e3672985,32669,1468,16703,14
Justinng,0x731543500f400c91518c58a173547058729a8101,14423,1167,1428,17
mHula,0x1d828da9c07f3a6318fe59955bf66be902fce58e,29663,2291,6149,91
Thanatos,0x95c2ec97903c993efbe4630f1535282a12fead98,653113,1245,18462,106
Elvin,0x30ed3c3df92f2f3c6a7ae9094a614a5e487aa14f,15790,1046,126,26
Andruxa,0x0a6f2f5ad8954edbadfdb508e599cd26ab668b97,10166,1239,5684,36
MMATA,0xd1402db2d28baeb571b32757938a12575221672d,43866,2391,36680,39
DeFi,0x1fc550e98ad3021e32c47a84019f77a0792c60b7,130617,1227,23958,26
crazyDrops,0xd07e20a52b71ce9c911385d04c79a2418bf04502,12302,1528,1857,44
rencrypta,0x7e17369c16cc0b5fd06ebc5e39119c9a6f66fcb9,15929,1050,482,50
hood,0x81ed40511fa176364e022ba89aff568b5238830a,12129,783,4623,49
6446,0xe7d8623f329199d2747acb8021132165d5037fb1,10555,1378,10020,6
Vidk,0x00e7a7f1189af18d2416363137dea6fca5cf936a,8103,1254,7495,6
HEROD,0x0711a5038c66699210c8d28ed837e8e071c12a52,9228,733,3345,16
Dapp,0x8bc8b4e4921101bcc56ec084b906069b73de7276,170404,1764,2806,62
ipmy5,0x4a24fd841e74c28309bca5730b40679e18c5fca0,119912,1522,45065,71
DegenPanda,0x73051a64044fea61a6100eb0b55c9087be32cca3,1014577,2515,267408,63
KolesniK,0x0574580519fc34a4bd500409b90d1ebf8e00a494,5480,858,2741,12
AlexWol,0xbd69a9ad1d93792648d77f262543fcd22b7e9d60,784,489,587,5
sorokin,0x033d815f4fb30b2459a396e004c5a7ecfe30ec39,268146,2455,33485,38
lenstube,0x0ad1aa090893894b7f3378189e2b401d6338f32e,3969,1488,3414,14
vermi321,0x4c81c1d6fb83f063ccc7eb50400569bf830b5492,9544,1263,2695,11
Puriaes,0x15551b41e61f017c89bfdc2d073881b6e3f9af97,12282,870,4096,53
Prantiols,0xf90a8e2e43fb55b1960b6439f9fe481d812a6e02,22224,1455,7986,38
iCanFly,0x6e300d553fed81ab251ef85fe1226f2a1d9b6e0a,43811,951,9283,70
diegodiaz,0x6d394fbc3b64472002f94a0a190b287daa66e86f,22082,1417,7770,107
TOXIC,0xd91613333480222fd60bcdfc9a2ef9886d7e83a4,17972,1419,5481,30
superbad,0xc604eaadf98f713646ff108eeeee67c4d47cd9c2,23240,2044,3589,19
CasperStar,0xd2d41d570d5e851d5aaa7bf150eee2ad61956ba8,6248,953,1052,6
orang3club,0x5b191f5a2b4a867c4ed71858daccc51fc59c69c0,541224,2391,23791,45
nft77,0x644bf2c24623e5c14ec611183a8124e348667d8c,7784,1214,5347,29
Guantanamoboy,0x58b61d71a801beffe49ed1a8e01a908be965ca1b,139961,2074,18386,34
Despair,0xbb8694519bc68b337663f0bdbe79847b49000b6b,136556,1148,108367,151
soon,0x360cebac3453204d44032d4e4d2c9896de48a85c,12098,1081,3284,30
iamamr2,0xa8750b6b5a413827953d36b5c4f1f9c852168bb6,5725,1326,3527,21
Rusmak,0x9d05c576f27c03d2b0aafe6ac8ac0d1e3e51abf4,26522,2449,9852,57
krhpk,0x682a8bbc3398c7a22ae0e7876017352ccdc55841,18832,1477,16108,15
sinjulmsbh,0xd64e5de2d257f9a093cc108f9420f449657b07f1,13728,833,6396,75
cook,0xeb20b344612e8825ca07206f40f2b88e5afd5dd3,111068,1262,105347,15
zoho,0x8e100ca591bba6ce8b1d174f14312d3dbc066c3c,469117,750,17555,28
Psilocybe,0x6b9334b8e3ae284e4bc9475198431a4e2a2a9fd8,3377,1206,1738,3
silvercat,0x1b35fcb58f5e1e2a42ff8e66ddf5646966abf08c,105287,1206,25239,162
Espana,0x5ec8cd4881eba87279f5f243eb89ea9383e677c6,69175,787,8765,71
Pashka,0xadeeb9d09b8bcee10943198fb6f6a4229bab3675,637160,1801,5189,12
lone,0xfb68149c04b3f68dbe3c73a4600a0eb873100705,118846,969,2001,25
Balandos_001,0x48da5ac4348ee2d7cdffb156203fe198ef36f674,3710,969,2608,10
borderless,0xe53f4d44c45dbc16a20ab64f8a8b4404ddbbefec,139201,499,3919,178
Fitinbit,0x12c6eb61af5aa74699309a760f0eabd16175be26,9501,946,5956,19
cybernaut,0x38e1dd020a84ed34ba0fc8be84aafb3922a51d22,18101,815,9783,51
mugetssu,0xcc5410dfa396db634428405e81ba6cf79337af73,37809,1266,19928,21
Monaco,0xaa312eb19552f924dfc47bfefe47f35a902fc595,33384,1427,10811,88
ZakmaK,0xb8385ddc07c5cd26f30f70cf3a38512f0360531f,13029,2440,10974,17
Stinfer,0x0e94dd9b9583f4726103b263915e12fe29d2ef81,17839,1117,4127,18
moonnft,0xf916719c7251e109cf3d1a977b6cad198b630c32,511587,1287,88751,27
delimaur,0x13dbdaeab74fb5d43387c07beb020d0a6258e8d7,22503,1073,2712,51
CheckRa1n,0x8ce01cf638681e12affd10e2feb1e7e3c50b7509,11840,824,6789,133
HUNTER105,0xb4264e181207e2e701f72331e0998c38e04c8512,8281,2161,444,25
PBT_LISA,0x48d5358dd76badef59b79187e457c80ad0c464a6,23495,1002,6975,8
BigKush,0x4678b5c9decfdef19a64195eb5e401b266f81341,1734,389,1178,2
Akash_Patel,0x7d5bec15de5378e31040b9fded942c3f18066586,73499,1973,68502,6
suck,0xbec6606a5c665a176db1300e24d7f0afee98e3c4,31077,1042,3017,75
Shtykan,0x00f6dc16d719751fdbb44910d98c793fc45a736a,44382,2564,10397,25
mescalito,0x5967748e9fea34620000417fe1b5dfe2cc7ec351,40556,956,5940,21
svrazum,0x9c6d3cd71cc0eb81f16657559ac4130e03213976,4557,423,1658,31
Dm1trii1111,0x309981d7dbbc4e494a752d9e75dee470cf3c9199,32768,424,9051,55
Osborne,0xa48cd684ded1eee3de13e052bbdcfed59558a1ca,167315,850,6928,25
Disneyland,0x87a09bef77c381adc4f69d12a593a3a2604b13d1,270446,1377,14473,95
brrs7,0x73fa41c01077fe85ed557125848c509b013272e0,64489,1396,20780,25
spart3x,0x97852657d38e6d4f4ba79c70ad6961bc384cba7e,8801,2398,2354,31
Arvex28,0x2a03278590cd1962de28f9abc855cf3774fe3eb6,54665,1858,11396,189
Disruption,0x4d26f0e78c154f8fda7acf6646246fa135507017,1254560,1629,525468,149
meta,0x6b62909ad3f315833a5e5062b670034a3016910b,584924,1458,41545,27
snggamer,0xba181deb98afc2202202c9aebf26b18f46d70497,62202,1897,22582,64
Beater,0x9529746295eaffc60937636e32f234f06bd16af3,133499,1110,6551,77
mig79,0x03104c9661f97a1a882a797964f46d968d518126,919239,1514,99653,100
Coinduke,0x22510fe99f63ae03ba792c21a29ec10fd87cae08,548582,2101,22983,44
lexer,0x4fdae27319fe7930b0d9cc13ea4798718b2eb361,64271,2375,10840,15
Don_Killuminati,0x0ce02d3a89efa218cd0f486514cae77d74b88bee,192692,1277,186240,14
bulat,0x92a8e6a0b85eff0551cccd978b6df71f9481f6c3,10192,1220,4485,92
MrLawyer88,0xa47dcc127bd2487b01477d8e381dced5de5e5033,132863,1259,29559,64
heavy,0xe8b6613d54e6fd793f7dcf0e599b39ddbea7001c,21498,451,3081,6
OG84,0xbb5826e15d4e1c1cc7172893acca33a9da011bff,41014,1031,7456,9
Ponzy,0x916308fc74a7b2237b13413907ed60989f9f9254,7664,1944,383,51
Dmitrii,0x610336e20ac62fa46bfc38d7488d66568252ae92,58460,1124,22087,48
promur,0xc8093288d89e494d1d0b41d2e598e58fe1e0eaf1,13481,1035,10708,38
fourpoops,0xde3ba1b41e6c612a3ca3213b84bdaf598dffdb9b,539678,1588,68260,23
solaris,0x0fbb3674c75914fd3e3838bee4e63f8659f943ed,12494,1202,8665,37
wishingonly2die,0x887f9c24363b19a97bac67f8b35dfbe1d91bf16a,40413,1308,5325,78
kaxx,0xa94586fbb5b736a3f6af31f84eecc7677d2e7f84,21935,1274,13519,119
Zhivav,0xb7836be54d9ca40c914a3844b9c30538679db45b,8935,844,2719,27
s5000,0x40534e513df8277870b81e97b5107b3f39de4f15,240302,1855,16916,46
hime,0xd0e72c1b2eb87e3dc0445b7f689cadcfc872b293,2262805,1069,60458,48
dmma,0x5500e69d58d8f80b236c8a72fd52c538a5d5237f,72513,2309,24618,46
CryptoWorld,0x9bd71f9b7309142266d44846fed1a1bec01e4c03,35024,1296,3026,14
0x54,0x54dc6782d6fc5fc05f8486d365186ff25cc44ba7,2241720,904,1291962,34
Neostar,0x52b042beac8a62ac3f4a8177f3031364485793be,8189589,1131,130426,6
Tonic,0x747bf2a818b4e642e64b76e378a5a0247ddc59ba,14037,1077,3695,19
KyotoFarms,0x303f2d38ab911296deca9dc19968a854d9cbcadc,529628,1298,33654,25
Super__Mario,0xc1ba166cc2c249816db1e9d543368d80095ea33f,21578,621,1070,131
raulg,0x13b3ff6f1d996eaf36022ea2a92669e1371e46d7,172813,1414,19530,77
shocker,0x34868ed83815aaa53cd1f85032beaee678a9e8de,67424,1430,4826,100
harris,0xdb5393a5056759f966f441df8ee1c9b5c09ec397,8025,1396,2028,7
footlongfry,0xb029e21e8d8a90c3fa58987a6bbf2b0563e5f6ab,22646,1602,1544,65
drfalco,0x02c844016eb93c863d1b32f70392aeb3a5c38ac5,9041,1253,5216,37
Kvazista,0xce4b0b3e058a0daf340d6f237b38d8a5bd4ea9da,10948,875,1150,22
crjobo,0x11b1785d9ac81480c03210e89f1508c8c115888e,74660,2230,20287,174
Fact_or_Fiction,0x908d8d559a6fb979e3c3221039e5b8c3c5c2e91a,1695919,267,7129,29
BullishPrince,0xd8bc557fb66a16f0d84cb34719b28318830e70ef,13556,1545,1153,71
amanita,0x8ae4c29c97a9dfba7a4440c6336a7d37eba0e12c,111890,1009,2176,63
yujin,0x9ae452e5bd703f0fe1afc79776137b38024d4f2e,199831,1475,5879,23
bountyhunter,0xde361c58d32465dfd17434127a37145c29d16c54,3507,2332,1812,22
daaffy,0xfb7c1d49e006eaddff2385c7ef8b0c5cf49d038a,282969,1431,24430,31
edotoday,0x9a6185cdb0d83ed8319b6e01f791b8dfcb9425df,57903,1224,2582,22
maximph,0x4720f4c8af4a8d95afca45f9f2377eff6ba875ca,7804,900,1018,22
SMIN,0x7798ba9512b5a684c12e31518923ea4221a41fb9,143582,2220,454,59
cryptosincero,0x58f7781c28e6c35a37e0a9577f94ebd797ba8d1c,40907,1004,11208,69
cihatozturk,0x20eebeb9f65027f0150d3cddd29a6f33fbecd319,2066,714,182,6
readweb,0xb7770d333377b7cf3a6b3dd609f9c50e3a9e5b08,10245,808,4088,13
designkoi,0x96474456147c70651f37dc7544a190d80c839e85,29722,1235,9757,82
Super_Chad,0xdd9bf0a45452a4f22cfd2c963c15b191d97ce106,976874,587,83256,22
DefiCat,0xf318a2f77816c166181597e53ec95773c7d70262,213076,1396,89087,65
Lensterman,0x90e0d37f59b4d3202880d2fb17f3e50b7056f762,70434,1477,22643,42
straightg00ds,0x470d235ca1caff614abee02d98ac3aa89a6758bd,61983,1145,5768,54
FTXEXE,0x013cc394844aa993d73ca9a08d89dd6d046f3bcc,128883,1519,37977,103
trialaccountCP,0xd58dcd4594087c2758717a59f44a5ac09db65105,116289,2449,20852,34
Crypto_RoRo,0xb3c647fa4102e00cfc51a4ad35c8541a83f7f966,9362,1086,2864,86
Smiths,0x40be959d6979e089a29983f46088fa6c04fd5220,10911,1068,2983,32
jonstone,0x0ad9fbf7aa4c95133dbef42f4cc347c001a6e678,92127,1378,27372,145
1559,0x398b7c52ca4fab73dcb51c0e27dba812e29eaede,738368,2079,23370,9
6TO9,0x002ee33092457900515a4249e3ec1cd2b2dc8c32,522288,1401,80821,37
chef,0x4b040a88cb4edd02b97f0ab8c97d3da540fc2cf0,8939,1292,1212,65
BrownianMotion,0xfe13c6d06121a27cae69e634ac25e8d3316d3048,782968,1246,3339,21
danyPJK,0x7d8ddcf20780dbe13ba2955e0f25de1925ab9a7f,15846,511,10817,47
drewbeefy,0xdda42f12b8b2ccc6717c053a2b772bad24b08cbd,103334,1288,16490,36
BingoBongo,0xdb10d21f28a34fd04e4425eac777483798f7e217,173920,1421,72989,57
pumpitup,0x78b766de19f43b6cf12f04106b24f23ef37b766f,324273,1210,6551,6
Airin920,0xff3fc772434505abff38eecde3c689d4b0254528,769225,2627,161219,60
cryptofrenzy,0x71ac680233dfa6d8a10600d077df9be89e19aac7,21192,1348,3344,46
FSociety,0x3e3672b23eb22946a31263d2d178bf0fb1f4bbfd,112636,1923,13795,92
SPAR,0x498d3cee8572275d888508553ff9dce4781a2df2,7757,1000,3471,16
0xCat,0x6be99217c86d8fb15c8284781f84793aba668966,24858,932,1624,55
TopTraiderXXX,0x6f6b9a91a78c2e23ea086e45a53111ffa61195ad,64526,2448,11453,99
ramenswap,0xc0ae3e40210594ac73777358faa068b134efdf3b,135231,312,18352,69
takanenohirose,0xe2c2bbac29a8991c21d50cfb76d56ef455d85157,47629,1238,9093,203
web3l2,0xfff2dcc0a9c7f917a97d5d2d04d7390bc9fd84ac,4319,2376,869,47
Cenk,0x17ec9d8fb1c40532101adf98af7a7e37a8aa6ebe,292246,1199,354,13
yang,0x6d29eb3fe1229dcccafe51a085234a0c76ef6c8e,40591,2262,18861,33
Jacob_Land,0xb968dcad041665fafa8289177330300c01c0ccf9,81693,1071,909,37
Bernhard,0x0a53765848ecb8ccd820781fc47c9c95bfcf3c36,236354,2192,67100,25
okuto,0x00d5cbf97a6e9786a1a270c4b4404c81d59d643b,52213,1260,38889,8
valentyn_ua,0x38873c13509d36077a4638183f4a9a72f8a66b91,7491,618,1497,123
investgarant,0x1930b7f236d94e872a0b9ded104ba092d85a3856,25296,1327,8047,73
bytemaster,0xb81a0e6c38c3fec8a171cfe9631f60127a0c5bfd,15904672,1286,17575,10
Drrokudenashi,0xa67144634230577b94d1545ca115f605ac800e21,14293,800,9833,51
rishu,0x2e036f0f906ce191c2caf955147f5e70fb402e43,85304,1432,48065,9
litteulrider,0xf39d75f3d04fec658f966b105d5d96b91e426712,38130,1255,13004,109
Taidow,0x2fe9811e6b3cceb5c14cca6523f10ffdf4288af6,4576,1313,1234,54
SatoshiNakamot,0xc70aa0bc5c372ca2006204c91af480dacf621bac,91880,1817,2526,19
jdmboy,0x4498701905cb0be29a31dac56cec45d976618afe,11463,1198,166,8
Armads,0x0ca6cadb6a8ca4199788b9a060c3285fe7b897fd,628429,1365,84870,27
canon,0xa57c927df5b836d203560a5b568af75831939eed,1301119,2345,1045,24
MeesterGamer,0x33ec34b1b4bfcdc9b5e37ba4ab02f6e993a457ae,32523,1074,9307,27
Lanziee,0xf62dc65781986f755d14dc6eece98e3099835df2,6620,2522,1394,17
hartel,0xf9e1d1e9f22c96752356adfd377231528c7e851e,72691,1382,39853,101
jokerbra,0xd553294b42bdfeb49d8f5a64e8b2d3a65fc673a9,3194547,2490,26761,11
Tuczky,0x4f49c34759b7e888ce77de9dd34fec63d63495cc,42342,835,5527,61
Judge7777,0x52d9a78afbab0c9c20ca2b1a50c727a8065f1e54,449003,1117,92399,20
cryptolord,0xc5e88651166f33274ad6b903b4d2fc55e2ecdc47,2508,1146,2216,20
Michal,0x33c36dd8ee2fc8b8c106e700f093c7b971eb8a70,36877,1294,9576,17
Bublik0101,0x92d4040e4f3591e60644aaa483821d1bd87001e3,25254,1010,5619,27
BlackOwl,0x5009d2dcb5c808b5c636085b5ae90a1c9adc27af,2516,753,1826,13
Stiff,0xc3ec9f6ad2bae9e2a320cdcd2355ce3acd576e1c,100622,1429,1674,4
Congress,0x5fb7778b16e23930c3ede1c0a3d69652b350fb03,63714,1396,25422,7
lleullau,0x4a937bc9e1f552cbe3775bbc80ee5d3d3abef753,58408,803,14180,30
Sshower,0x96257da3e4b0e30181e05f4189155e7157bcffe0,18210,2069,3863,8
mamita,0xec8287faef6cd7fc9887be6e40d6abc0ccb29d2f,11619,943,2877,59
MrGreenny,0xfd47587c6bd9fc5805053baa296846ec1845958a,12257,838,3661,39
elocsh,0xf3ebbc6d689380a8da06f74658d876d41cf57aa4,5513,1167,1178,36
Demmich,0x1ac6c963795276a20f03deb2a6098422a473e6df,11150,1070,4535,29
takminn,0xc00bdafae2ddfca38c87b77c567d5f1891aa35fc,27337,1026,4245,37
Pomorini,0x7ad9ecd7940b6a49119b6ce4b14bec6c4dbd36fd,42446,1291,26275,23
CryptoShock,0x489d69939b4aca357f630055e351a81f1fbb7fb6,27979,2355,12953,87
carnage,0xcd0d967449430caaabda422af22f64254c3f1168,23241,1019,6666,24
RogalevLion,0xc3cdbf828d5b3bd7b87f09878b6a08b1575f21bf,6707,465,1447,25
Pump1ng,0xe221546221c0f58c78458b1b16014dc88417c063,84949,2582,28668,44
BitHamster,0xdda8ae5cff0662bc390089569ba330d2d85d72b5,34860,839,278,13
OneBit_Ventures,0x4407afac54edc2215db4252995cccf7946ef211b,2037,1113,1859,6
Temaabc,0x6f9c30621c8774514a7753ddcf9619394fabdc09,1957,1031,410,5
Kusako,0xd41726f322e3ff43f3c8edceda1412dd2f20560b,13640,1148,10846,3
KayaDesignArt,0x0e367b5db0ca2e68faad3b9e850155956b0f9e6b,38716,1407,37217,9
Droh,0xfcbbae9be6be2b6de264643dd0ee3d9a0e2e8733,389325,842,122735,61
Maksim,0x9241f27daffd0bb1df4f2a022584dd6c77843e64,20277,2393,2253,77
Gener8,0x9e8c646220613d68eaf2b947f46c2b4f52bf3f45,352937,1368,28320,52
Dollar_Paradox,0xd263b093076130d5c2db662e2237532b6eb8cc87,81023,1334,21393,14
SungilYou,0x1d214979316b66b5760b142b63b63506506189b4,1189470,1078,1288,19
SAOQ,0x54e85f171ed5b283665a778c930d2fe38be2a44e,10996,421,7923,32
Legit,0x3976641d41d423f08cb2a00b25bf225be965568b,44468,2404,25003,46
grochev,0x8844126ca5defee105ae50e5089933768ccf9999,37582,1190,16006,150
Maether,0xbe84bf2998d1652674aa294ead4e2c3314d80121,11470,972,9543,11
BitSage,0xb0aa17bb71d8d4987fbf3824aed5660bfe23b89f,5003,1191,4822,0
CryptoCase,0x732abf5f85a83ae4d18f2dd0794a9427a6fea066,1244,2423,1056,6
DROPMAN,0x024dcd278b57232c8c166045b7e97b8e942370b5,8707,1238,964,25
puercoChad,0x5f4f120d8435ea38f0f4635a910fee03801be88d,417986,1574,6375,38
Crypt0Man,0x3e2c7cc2cdd7023eaf2ae445fa403cb852c77be9,12037,942,922,5
tribey,0x62223bb2a4781c9512e5b78cef1655d1d9cd216d,49530,2555,469,48
c0f33,0x441a83eb87ea2e05c377234e9df9b05adc9c7ff5,15382,2426,5921,22
YieldMaxi,0xbe7019f8333b0b3cfc707ac353ebc2123140134c,2291640,1041,391504,35
LiFi,0xda675a9888e16595c66c6c1da684df4e26f8ab69,12652,614,7109,67
0xDiman,0x34064bd06313c46dd3b0835260a3186de70b6568,8997,843,2194,28
OnChainInvest,0x103fe2ff1b3c83ca4ad94d4981d8f93dbb41b558,198530,1534,26968,23
Zone,0x430952fe84eba92645b6d897d161369888423779,20945,1109,5389,12
Artem,0xf11c19ae9390392763ed8e4c51ba4055e7c7c6f3,15597,1007,5668,38
burakk,0x9e3154cb7aee37a3add33790564f22d93537d756,22852,1187,1435,30
Chosen,0x8fa3aca9c712f3f582c8c6053e465c3f4db3cb83,14644,1448,6419,132
CryptoMoo,0x3e990da04e81184556568e14645d73814569d797,45480,584,11396,10
Milacrypt,0xcd7f23e12f0626e652d9207019fbaf17adb145e4,141434,581,3510,97
Skankhunt42,0x7baae4eab0e08ebb47f0b39acd77e390d4f321cf,72946,2397,30157,31
kittyxxSoftPaws,0x5be8c6bc76df0e461f7bab5d50914de598afa375,59541,904,300,13
pablo123,0x9cbe35f2e4cd5e4f2bcca65e676cc927a1647b9f,117931,1890,111115,2
EvilGreen,0x8776d9c1aae452c32256f0709c9b9cfa3a1f9b07,23242,1139,8582,65
force,0x975e8791b3764c03db5c0b73321fa17dfd83892d,13754,1222,3876,21
AKABANE_Z,0x64a0e167edc9eaf2ad8a2ed10b92ecc98cfb9862,1024,1564,194,7
kopoba,0x85f161e0d19e13b56e4118f2eff6f3347e7209ce,14416,2384,1103,29
samwise,0xbeb69e7ac7f59bdb79b89fc94ed862c6b39f3c00,2552637,492,4738,31
Radiantmode,0xf6542152b0e4113375ba1fbced8913270edfbd6c,6597,1070,1331,84
maryam,0xe9072625bb804fffe1e5838ac6d7907ed01e275a,23520,981,14457,53
10Percent,0x0f4daa365a72c5b134d6e263f21b64de87f2392a,66683,1004,28905,29
Salmfed,0xa9cf92e829528ce0a831025f58fa81f0b10d4288,34577,1230,9838,17
Eva_,0xf64a494f214f67262c7ef51b066b01413fc20f66,14341,1115,5267,11
Pumba_77,0x7a505df95aac78f142ca98cecd771d3c398b4b71,235552,980,118317,44
JJCrypto,0x435566c0c11a2dd0f9e6170830760018aa2c8c0c,32296,1506,9833,4
Maxus,0x8de3c3891268502f77db7e876d727257dec0f852,17292,1295,5244,128
razyob,0x7f8e3f0fa7eea2df907c04eb5696e3a0666a56d2,39527,1237,14118,21
philipp,0x53b015573630d248a32b11b21e5443efb92d9cfb,45056,2461,16698,162
vivo,0x77627caa1c7920b3c0a1be06e52d08000309f3a7,176924,2238,1196,7
KINKAI,0x12ef2cd4231d5cf655a6cdd4ac1524ffaa439c17,145545,2374,56562,66
Aztec,0x168f87fbfe36b84e44b9d06278b2aa1cc73d7400,51655,1252,17167,36
tino,0x07a1f6fc89223c5ebd4e4ddae89ac97629856a0f,429765,1892,14804,75
SnoopDoge,0x2be24b43d41316f8fe444e667f0b7b631b57f2fb,14733,926,10005,37
lazybone,0xb1658bd148f54c1e59d85f7fda511b558533b0ca,14704,1400,13013,30
taarooon,0x5fd4aa3e8ee7db457a9a8772fb4ee9b56fd03ebd,23206,1235,15611,28
Nyanpasu,0x192820ce84fa9eb457fb228c386fe0ed22f7e33c,1827052,710,619664,25
eter,0xd573885ceec013f37ae5d0c809349865ef6a4b67,10111,675,4018,10
cappuccino,0x7d0e096c7cc8294c6ff344313565d1363f58b136,29565,1476,16406,59
Marlow,0x9d03ad4ece8720f6cfcaf018312cab32e1e3129c,1355,1127,347,16
Gamah,0x94587a95917188b338c822de2d1e77074131589f,124756,1271,4115,25
Kushed,0x72ac0dac4784d1b0f6f15ceb4ee918c40aada55b,468111,2045,238466,12
iXeonN,0xc52a2f987f79d29ae241bb62452ea76264ea567b,47274,2906,1196,63
Banker,0xa63570553e61cc5363b19b6f386956ef96d10b17,24625,1089,9780,19
pensacola,0x14cee23a36f6b134c5a12dd0f86d84100657b2ee,17818,2731,4166,15
DefiApe,0x6f1c92e03a9b16eb2adb5c8634909c945237deeb,21161,1074,10357,53
FromTheGrave,0x036631a163767ec4b518ba3c234185811f7d9827,26730,1277,16692,23
shitaraba,0x33fe4a6b3e79615067e75bda042f8820d7666d82,4762,2385,1452,95
saske,0xfd6aee13b037fe2644dbff826e3642338a205907,60495,1073,10557,24
JoeD,0xbad8429f711e92a96b9a9b82aa148ffd1c4df24c,76188,2508,17068,166
cingo81,0xcfdec61763b26684ce66b4bbd29f6feb575bf09a,17168,506,9198,112
Kapibara,0x35e2a11f743a43f00381a0aeb6764322ef1eb788,221879,885,1469,30
rianbet,0xe4336223707c1616278a44ecd9f4546ea422f8e7,136083,684,73992,1
ETH_Believer,0x1395f53b0472827c78964316a7f5595f302e10c9,933757,2085,280264,41
LuckyLuk,0xdbe29e36ba798e5f2481353ab18bd8d667538a8f,21776,1391,8691,24
r0cket,0x9e702ade7d608b689af5b6c156621607ef11ee22,14922,1208,5337,109
Bankrupt,0xc64844d9b3db280a6e46c1431e2229cd62dd2d69,732475,1320,110400,33
mbmchaves,0xa1e335831d2075c4bccddad4a5b8a76261268f56,80011,1253,79484,22
cupon,0xf100022d0812a8cee4382511f53691601c3ce91b,54520,1239,33991,9
CaptainCrypto,0xfc9369f4141f82ea6e8eb67fa97ebb040b944da6,9616,995,1273,28
LittleBull,0x80b3d7735bbaa17b27d45acc17c3c233c32f4a59,97368,1352,26447,35
TycoonT,0x0b0e3ebe78b965bd0ae25a7c5c1cc8cff23a07e7,1093486,2345,84134,10
rsrosabio,0xb3313b023e68cda95d7b625200e1b0fe6335a0c2,87003,1585,19311,58
Prolasky,0xab32bf707c9d9f78f1101f9b7b4d6b4b3727b6ea,49049,635,25876,139
Audio,0xc25560e513de24d927fd1779fdce848e3d1a9907,22177,2425,5942,59
Graf,0x27f4128205122af0ce0b87190d7986814969c494,37809,987,2794,29
Rabbytrust,0x58ae26775f3ae0ea19c6fb7b27419f79047853f4,3925,343,1390,2
MilfHunTeR,0x2a6be26e6d84de95058d0f0da56bb31ee0dd6593,5887,506,1372,3
Mona,0x9a1b360ddb1dc65b9cb790138953ca0d26d9d24b,20343,1254,1321,45
cryptovasuya,0x920d4c8b49dd004650a9be1963f7bdaa0bab4abd,8085,1173,4763,12
Innovation,0x18829e507e072af3697ed1a33a6d8d53a86f11a9,153558,1751,10675,34
Berry_Bear,0x6c0d952c843adeb1f99894be2c38c38af76bf0d1,10579,881,37,5
Principal,0x940f5293be23c4d06f9f561f2df79457d3782e1e,13395,1470,7548,84
carefulnow,0x801efaa08e37efeaad37bec444a50583362e31a3,452872,2775,39777,67
0x2b4,0x2b40fe0496d15db07cee4c2d5a6b1ba99c873b88,7492765,1433,1921470,12
0ego,0x33ad9c76be2ebbb0545e3cdea238d828b978154a,180467,2441,143120,14
blockpoint,0x1ed939ef096bab6d68657ea9c1fdf534ead267d6,802046,693,445583,15
dislandspb,0x4b54ac37ac794c842ed244572ad2ad760b7aaaf2,2945,457,1551,11
Metaverse,0xcf2b7c6bc98bfe0d6138a25a3b6162b51f75e05d,132328,2612,110179,90
MisterCherry,0x658077d3ab7d534da438126f3b9fd9f13fa5c516,31632,1181,16992,46
aliev,0x3dbcc1e9d6c027f6b4ee76e52a66df3e89f738e2,286023,898,34940,11
Beyond26,0x231a432fb518cd155b348f334b2aefd6f22063a7,371626,2249,25,3
Burnsmaxi,0x6ab5e94f5fffdf61a776ba2430dcfbcd59e76c55,37629,2394,20563,43
banochkin,0x47842cce1bc77e05ca6c7d8e9cbe60bdc01a5e61,82794,2442,9857,62
Xenmaximalist,0xe82ba16062c6c5a6a626e1ff77b3072f5336dff5,1839,679,1730,0
CryptoFarm,0x59a9f768d7aa7d3245fe2096290d7beebaa8ac02,53651,993,21192,29
Elixer,0x672c3b982325be86e221fe5d0eb5391ffa9cc8fc,35890,1280,2289,43
InvokerPower,0xce55a128f16a09f982ec113ac893ff8e819aeefd,4001,1293,1400,34
AlexGal,0xdaf780714ce4931f98129060445fc6eb4ab73bb1,166994,1353,31345,124
AlexFOX,0x8c9d6173cd7a77dd71e1a4e67c5cfeda424e6242,49430,1140,34897,8
Dumper,0x16ce1b15ed1278921d7cae34bf60a81227cfc295,194683,1313,35486,24
ABCD,0xf929122994e177079c924631ba13fb280f5cd1f9,43489255,1457,17846,9
zootdub,0x852e45ed1a6502406af4c409df4e0eef3cc0a0e3,237825,1357,12083,184
kostr86,0xd5cd77b851b3807219ddea7e6aaf24363f6aa29e,13542,946,2861,30
Foysal,0x590c673a9803748bf412ccea5fedf71aeda3eeb5,12777,1690,3996,54
ceycey,0xc5fd654ba7c9c9d6b5710fc347c1306e855ec582,22977,1289,10117,17
mark,0xac1b80e06f970879bfb8f2b92b59442593f332b6,650660,2502,111921,100
iFurick,0xadbc3cbb5e284f387e309ba127eb7e1e9b8f695c,8754,996,1388,72
Dinglecrypto,0xa6e3475e2d4a9937b61be131407598ed188b54f3,804052,1703,400787,23
BumpyTale,0x16d3e274d811bf1fed14daa6c2dd4fa870e69edd,175499,1912,56443,21
weblr3,0xb34a2ae4464a552a78b30cbefedc701acb0eed03,11524,964,804,73
BTCMAN,0x57f6035aa8abcf6e8ba55aefacd3a0c3207720e4,23114,2579,512,6
polka,0xb554b9856dfdbf52b98e0e4d2b981c34e20e1dab,5012615,1099,216,12
NOPEtoken,0x12d6d6cdfcb85411a7a0e2276c436d239cc6dc41,843193,405,351256,6
zol1966,0x854bd703084706df2777557659417b76e9fc3beb,2622,1048,1758,34
F0M0,0x4166687a150dba40f5b3e489d3728e16a111b7e0,6009,840,4052,40
Decentra,0x170ddec929b8dfdfadbaba9bf994d9f3f7343cf1,215394,1122,2360,5
Defi_ned,0xff18d10f5d9797d18dfe85437d3e76475025c2e1,325929,1457,49609,20
swimmer,0x0c14466009c658b3d52f2cc1b8394203fc8227ce,397495,1117,32342,16
wees,0x95aaef5544c20de05598cdde21f661b47a636718,66231,1297,35595,69
miguel81,0x11ebee2bf244325b5559f0f583722d35659ddce8,51005,1643,16454,129
PumpMyBags,0x40b42defa549221ab38c1ba6c611ac92c0963116,55936,835,210,19
AbsolutaDigital,0x294fd17c700331aad5cc480400050e1005d2c531,1013544,417,69211,37
floor,0x9509ad9a025155857f9d788f34d30f52aa2db8ed,7181,976,6979,3
DeFiat,0xb4dc4c7460c58e7652cd615675a1f707ebb67e9a,101161,1383,47481,307
Alex24b34,0x1fed190cfd8f0931b77878554354405b26622678,2471,603,1900,19
maidokai,0xe7b538967bf4417ad284bbca172f51524ddce063,56336,519,4281,76
Lavromax,0x64f8ef34ac5dc26410f2a1a0e2b4641189040231,8116,1188,4061,52
cuako,0x3fe3204d47182a480f530f4bb4b5584056a1e28f,15363,1033,9472,7
Newlife944,0x6e4dbd66cf712e6074225086ad822a1bfd15ffd1,11388,1223,2097,17
altronte,0x29fca5052da9b93b2b25809135022ec367355995,8126,2472,7265,41
lazar,0xf5f155dfc740a89ffaa17c4f6459aec7d7206413,13018,2453,4920,41
Minerva,0x84912977b668e357198cae78ba108b99cff0489a,21493,1421,3974,21
al27182,0x1d47a34e8f854cb6a5383fa516702b293cff69f6,102664,2090,16264,35
nekoyama,0x5e815d08d25bbe441dd1ddfc5fd6a88bd5523776,28788,2640,5439,106
Scams,0x602abfbbcf537714ba845681f842f868852589a0,16558,1423,964,9
Dron1,0x5f3d6141b371e1d3fda66171640374211024b6a0,5488,1436,6011,7
reirei_0910,0x5fa788c1ff5781c406b65d32efe7e22201989bad,4644,1187,1040,25
Headway,0xc91d6f29c737047d17694b7e424f96952817e6ff,3003,991,958,28
NickFuentes,0xf921a19e5a3c926163a2e39c72ac1871fb3fd9f2,45236,1286,22025,17
metamask,0x06527366ddac4b0612437226bff3784d575d7c1d,142736,2384,23371,12
Optimystic,0x1fba04c27429217f9081e5f0512f638ec53760a8,9640,576,1479,34
Doom,0x6f15f9d78325a25a3ed808c48b43a3af08b828dd,21684,771,3741,122
ruslan01,0x0f493931981ef166bc2faf0de4324f8a26bad0c2,40274,1063,34201,15
vinuz,0x9a1654a15ccd68d04b353c7ea8d5791a9316c2f6,45704,924,7050,74
castle,0xf112f84c28795172cf998ea5d2a5993f78ccbddf,6568,2504,2762,19
sharkcrypto,0x0747ea27d553ec318e2e94a12ecb0a40dc39ba6e,27827,822,1493,49
satoshipizza,0x41225847e1e44dda729e7c76be84d9a5a385e3d0,43256,985,22880,150
Marwat,0xdbbacda6e4e9634acd532a7801b4299feb3f0c85,6302,677,1179,1
ERC20,0x0c43d79baeba1acb896b4e35f02615eb25c3e4aa,14357,1044,1454,20
Neebovaka,0xc797e807fbf2484aba2a92cf3a63242d043249bf,132017,1316,10078,56
MainFarm,0x28db92fdf955eed69296b1f2e2811b701d726618,204258,1782,956,28
CryptoSly,0x01d907f5048bb554dc70bb9b369be9c7b2ae686e,12873,1333,4258,92
mateo,0xc32de03e195fa0e2e59338968c37d53b7a151c98,91460,2293,9978,61
Tritium,0x53d8edf6a54239eb785ec72213919fb6b6b73598,238277,1303,49894,63
Aresus,0x73b9d541130cca13801cb2539bb02dacedbc1332,25188,1468,13193,22
mdqst,0xb2fe5c3c7231b1117da36e7b29731693fbbc6f7a,5173,1261,3697,30
rostos,0x2dd6bb05316cb2fbe2c6e2e4756c7b7364579507,91588,585,74899,33
crazymary,0x4373620f9d941e18372319a7b53d54f3c4d7812d,177149,799,31082,94
bravekon,0xfb40932271fc9db9dbf048e80697e2da4aa57250,197926,2407,18180,38
xali,0x53b77b9a06dd7e11aee247957784d76484fff540,75987,1116,19959,19
ThomaShelby,0x973b79656f9a2b6d3f9b04e93f3c340c9f7b4c6c,8802,1437,5576,28
shefff,0x53d09055e5b96b676816b1bcbbc20ff00df6f8ab,25701,2295,11618,76
0xLaw,0x2278a9463774fc0b538b7d52087a00405ca9e1ac,1447433,856,280490,22
schoad,0x0eb21ed8543789c79bed81d85b13ea31e7ac805b,932810,2674,316365,22
CryptoLife,0x68c81fdf2c21b333495408b83514f4006f6768c4,11687,2702,1088,41
maria,0x609470c2f08ff626078ba64ceb905d73b155089d,126072,2309,18477,70
Cyss,0x4d8515934a0b5d801d5d20d501f3a429002fd986,24761,1235,16704,65
kashic,0x06ce1f5d0ee2de871d962ed40df5e9ae81fae604,511407,1448,34973,54
WatusiJr,0x49236ce2eb4b67618513b37f09c101183e7367f6,23498,1254,980,60
haciyatmaz,0xa51fab99348b58082154a96fd2a7d92600a0e930,10097,1327,2745,133
utebaev,0x093d6698757f025dcc8d717de4bcafab1c5dc2fd,4108,1077,2273,27
TheChosenOne,0x9763771312dfed5bd8f14c224626be2af6c4102a,19848,2403,6157,39
Tatarin,0xf8a89af2d506842f391327ccef5b29414144a373,32111,1163,19394,91
SolanaOneLove,0x2c6d438d7780618946d5473bddbf251b716f223e,11653,1241,7787,58
xaviergxb,0x79976fc32ab7046457c150b9f3b550b4b69d777b,15664,716,3762,29
Mnegroshcena,0x38a668a2d104635f23935e1e10ab87ebe945a139,4830,988,724,21
IdontEATpokemon,0xd7e01f0403776e3cff89364fbb4fae462329094a,246194,441,1967,12
nazarkk,0x529f786b6cc026ce88ee866a0de859283c216e50,66760,1186,17816,22
febbyutomo,0x121e1573b7c6c15aa4c036d54bfd2974cf38a163,28176,1194,2422,154
rinaki,0x3b7d646966a4f9c2814bd0b414818ab0cbd1242b,28356,1282,13287,71
vinc,0xc693b4ffb338579467a541b2bf267b1955870920,569714,946,22352,81
5679,0xaf3b1e1d050f7109ebf3f7eb16be5f319fe8cad1,147794,1332,5692,42
Ethereumer,0xee9ca24fb62bfc021e1a46e09e1c1cbecd3341b5,474414,1311,44017,110
DeBob,0xea2678eb35d2068616ced7bc2b6e861de9142008,14153,1215,13953,4
Bitochek,0x7379e6927ebece670cba86d31c9efb8cee11daed,47707,1017,4483,46
noname,0x8371ff8bb82d7d4b5fa542b8372e6f60c83ad888,59642,1638,46124,37
Maxmustang69,0x894b87dfb9e79082d2d0ac7c16ce40658afd42d1,812667,1048,108264,58
Gutss,0x8afd5844e2e2677fc6a34aebe549f3f1d228a2b5,8091,1273,4352,53
tokito,0xffb8c9ec9951b1d22ae0676a8965de43412ceb7d,60067,1249,25320,177
RTST,0xcbf5c2984436ec911b81cc2187afc50cdd1784dd,5435,996,3428,17
kimseenam,0x62cf0107243d16bf47cc223f6a4647321c415d92,120098,2316,16382,71
MukaMika,0x7c84bf06d5a2d5d7f5d08045340334c73ac0ee59,23899,1076,1886,28
BitPrem,0x1487e5f88521c891f514467df190d6678bffa69a,30893,1096,19335,26
SvetSha,0x45d41d080355163c032836ef3446c08c0dd8ad3c,13745,1217,565,11
cr1mean,0xe498e919dc961700c8d0f4a507344467a49609fa,18919,819,11516,37
0225,0xe28033a9bd54202d5f2487dd2c8518f48f4f07c2,22743,1143,15201,135
DmitriRich,0x3288ad9b8e7d32f698ac35de51ccc18373e33a85,9969,1411,2789,16
DaClaw,0x8a2ec4cc1d731bbace15fc5d234690a0788610a7,241786,701,14780,28
XintyX2,0x42260072dd498829f5338186082ec254edebc1cd,11631,562,3866,34
altarus,0x47a235f03b07f57d9c39aff3beb00364db9e46b0,50077,784,5012,30
DANIO,0xa038291c26c7e432df3e438193f4e97add7b2781,155597,1495,10108,59
dsssid,0x3383820dfc906cc59b989ff7e87e68f0aca78c77,14470,1116,5377,124
tesnguyen,0xc71b2c6b22b64c281555de040b6079e6322913d3,95847,1018,31449,54
FollowRabbit,0x2a05deb69da90dca65b79922531f20e111585299,5378,495,4514,2
elonmoney,0xef7b7bfbc73931d230d4ff165e532d2d2248d1d1,54580,664,2129,2
ZheKo87,0x39a0f462f3a1a18588556546686b89b7204f02ab,13586,2202,1667,54
sberex,0x5929d94eb4c41d91955154465a58a531ad4cf7b8,279430,2591,6474,9
ozgekose82,0x854c8ffdc5b73991d397626a6cfdff9cf7a53d8c,1528,596,826,11
Chikago1,0xa1fd6676e6e404f6dc86e2947f2663bd6727c277,18323,1106,4849,63
FreeMartian,0x39fe1beef05ded01d35c2b97e3fb6939d4f0aee3,11699,1060,1641,25
Crypto_Doping,0xff22f9283721551199e03f94f76aaa2686d76d8e,2613,1234,1365,48
portfolio,0x31e3d4e6b7962e363ec0c0aa0c859358c7879157,12107,1074,4979,70
GuiltyPleasure,0x9a3a57361d08fe664ef15bcbd4012fe5af15432b,16787,989,2610,27
Frigg,0xd05e2e33751e5a0336bdc5297879ff751700c563,1610,2449,881,16
vikwinner,0x51ac80a266a2abdd3ca805d418f53f8e3d6c54e5,1920,1037,16,1
savf8,0x0f955df28059d17af6e35638284a96ad6271a9e1,3470,846,1006,24
Katkaip,0xb6af05297cfd14a1d9eaf8fdba64520cbf332582,9423,1093,7298,6
botborg,0xa8d70d963cc2784aa405e288c4ca70d68c76397f,16675,1271,11060,83
yonder,0x17bb6b65b7b5bd3651782ccf2e01c2c9c34ea0fb,3946763,987,1279010,23
Myrtus,0x3e1939e4bbbdac9737ea68eaac1791ee9e03aa82,15208,1048,8994,16
Behemot,0xfdcc8a1045cd2d6d8b499c2e31085aed90c5b84f,34860,1273,6091,49
Pickstar,0x6b030973ab7ef0e9215d5cfec850930638d0f9ee,185649,821,33738,11
mood,0xc23f78c43b810f3a29168d5652c34f387d44dda3,18442,830,5217,95
BannykhV,0x155a4e3cef70f8f02a8cf0c7c6c60c6e6235e6bb,15829,1189,2249,42
deeppee,0x9a593a0e3372e16b19521c176889472919c3c78c,23554,1713,2235,49
charisma,0x437d1d2f4405d1e9f76e4c3e89d2a3c75fec0b82,1855,846,960,7
ethstable,0x5388a7f24e86c9c9d855a98c2f5a339afa6a3acc,1399308,1011,23851,27
axdrdr56n_zau,0x60292ee7ac453105b4e1f9893fd2193a953838b8,31240,394,1853,71
Mikepalace,0x7bf49814598924b1ab2a33ad815054b6367cddd0,77688,1847,22844,53
Jack1,0x8f688a91695f7d2a1e93e57cedcbf5c5202f617b,687218,1180,253218,27
Leopolis,0x539ee70082ee32ce1cfc3cb69e004d8d06fca2b4,29386,730,8977,24
thank_u_next,0xc3b7a6e3bbbdb988421ee7eb663ab41300941c38,7924,898,7356,1
murat,0x277a632432c3e026d5753694f42c8b1590ccc744,33717,1069,1346,72
Votesa,0xd60b8d278a98e068eaf3508e95cf1b0089961288,20388,1219,12939,68
hennessy,0x3f47a30180c6fd23c8fcf5a062a08b66ae1c9192,8204,881,3083,18
mj23,0x2326d4fb2737666dda96bd6314e3d4418246cfe8,6007612,1417,580557,17
xoxox,0x26c459456e3fb4ef38b4a13dc27ddafd9c0d82fe,13587,980,4765,45
Valerarub,0x2273d11720c89598e4e4d1f85825538c9b9151ed,7917,1084,3048,61
moong2,0xd0e46ff60dc7d5743878564938f804e451a69dc0,9592,1118,4909,10
io36x,0xeb8f2365dedb057255ecdb57ca772708ef071f0b,7622,1103,340,13
coptosnft,0x2718e86f5793ac08bd3c4a301382e8c1da2a1e30,5781,1203,459,15
0xYan,0xd6af4607ff31dd9dbd73a1eb902d89e059b28065,10974,911,429,10
Simpleos,0xf88a055732fba525073bede9ebdf76f6051b07d9,19736,1455,14281,78
OksFranceApes,0x0839e6d3d9b66ff45474f54c75c70d824550bb21,24510,1197,20453,21
deLuguria,0x1aaa4da9d82d263c12b19c7b858d032515876492,9410,692,8343,11
Xm0rgaX,0xae7853a2ab2d63e2d9804a4dd848a4c7f035ebff,68542,1273,1834,24
web3tool,0xbad19b2235319df3c6a9549b8e1044312a274441,8284,1280,1231,54
cryptomixologie,0xeb8c29f4e25f367e8e2d69c2ec82698b1e67ba4b,11824,1216,2811,8
tol4ik,0x481622ac0c0f505d443f4caac1ff09c7dfdd9e84,18879,1288,4395,63
StackedItalian,0x5d649d87f709972db586f4e1928a59cf57e74b22,116581,536,8370,5
herrheld,0x7bba1d555ef3faa2a9b4799f82b1d5171aff9c1a,24813,1134,7741,117
Fitsu,0x3a61ee0c739a94d6af9081ff5c46d239ba8923f7,43852,1081,6932,30
DEGserver,0x7b8eea3c59602b05633ad47aa8036b25e13aea7d,31849,796,1620,13
GeorgyIO,0xa8541e4b65bae5a703c333970be1bb85f2658591,28583,2441,5062,56
dansachs,0x257d74fc229f91de6285a4c7bdd6d5004de9aa31,102516,1428,13674,27
Spektorkill,0x3d38d6bfa3405d8ad870da881d3cc5f03aee4ff4,4630,970,1517,77
Roman39,0x9bc54b27d43c0de1683ce9f9266d6bc22f687c3b,19213,1130,5863,94
33ethereum,0xe6e365b1a0422d46377e9c3a9d28eb6fe7427dad,45833,1256,24871,19
KappaRoss,0x9bb6acee72ef687e9e0bb1b78c908526d967b745,77674,2400,5661,22
bmtube,0x876eb4a3d7261bea7d0c11fb37d605d0ce802fc9,293515,871,138411,40
old_boy,0xcc4f1cb6064a69ac83a5133ffcf09217ae33c2cf,4046,1019,1608,36
DropHunter,0x7743526ba3ae2798fa34f9957b0727e42966a209,7166,1428,278,106
iWindFall,0x6d7a761c89d7455045488b0458e52abaafcbf658,6773,821,1900,30
hamed,0xcbe6eb3a14771f825eb02b50e8711acb49490411,3446,1211,559,25
cybpark,0xa069f2204cab4862c861925ad40b113d158a5e2f,103092,1169,4675,171
Lagrange,0xcb7958ddf673aa8f21614346d3e1c46182a9454d,15217,832,9412,91
Trolliwa,0x945a873b0e08a361458141f637031490ca01b9c1,25815,961,4535,101
Zapart,0xabc30308a70cb990f4de5fc82d1e9ca6abfedf1f,4406,528,3552,11
suslin,0xf8e8deda67cfb656cc067a42e170b5ea852111d5,17164,1122,2768,11
LayerTwo,0xedb61a92de9d08874bdf2a9d1fdf8df9f111bf7d,7199,1001,2094,59
Diamondace,0x54ba36887df439a10e3fa6e6f47e5418b2475ac8,57275,1232,8363,68
0x8c,0x8c8868c77e0546b34f196595f0e727bc1add2e4d,87894,942,66169,78
Proportion,0xcf803a49f6e37b92a4040e397b976939dc5d9841,26826,1199,18024,18
DePay,0x72a0b75e4c7229219678e7194c05df2f54a9bce0,11360,1249,8618,24
Petabyte,0x8fff9657df45b0ed0dd20d7dac48da12082b4c60,8615,1188,5276,17
hugs,0xe7e7f922cfc016b96658b4a5dd26f59231f3c93e,19704,2416,51443,20
MrBlockchain,0x12ba33c6b8ac904b6fd9cb6dff3fdb86bc19b75a,3904301,293,1089852,4
CryptoCult,0xeccb9b9c6fb7590a4d0588953b3170a1a84e3341,275911,966,26138,65
busy,0x4b7292679d439ccd83b972a5ff848b47391affca,90627,1911,14213,44
Sofakingdom,0x50fa50fa2032d85eb2dda303929bf56886aa9afb,90892,2511,24695,106
norinori,0xa663473951a57fe34c0a8f4e3d869a29593cf5bc,60539,1202,1361,61
Memloop,0x7e0e4552d4ed7f4b8ba95d98f858a0e356220c0b,11346,2322,3232,35
Ahsoka,0x1a2923d39f11f4b0a47bcdec29b30ec273da0932,24821,571,3852,128
zeroknowledge,0xef89e95c889f349f8ae3c226d87c94a96f6a9bfc,69167,1425,16107,12
adikoriginal,0xc8e77992c7e27cd76d6383d719284574a0710662,202069,964,115853,18
junwei,0xc7ff86b58e62f217178990d5021e9998b93a9674,250066,1184,892,6
Endeavour,0x8a4a50b13fd2cb36feb96c408cb98b4c9f2b8f25,42841,2380,21547,62
ETNA,0x837a9901300312c86884902db2bfd343a93604dc,38525,1428,20633,58
bitcoinduke,0x5e27a2447b4f19064f0014d3de3bb0777f7b84c9,23539,1420,6175,30
NikitaG,0x39ad3c18e569c16f86eca31f6eded16eba506301,40724,455,38684,11
nik0das,0xd235992a3f4b4f002f93a83b810f2ef4193d5c7c,23752,1167,3899,87
Dope,0xffd92144cafd599a5a93e4805ca4d8f0e666d623,5560,1387,1245,67
Degen88,0xabdb1f94bff885bd8933ac4f8aaacda4326491de,114009,2495,19534,82
Kitaroh,0x6d330800687ee1b85d4af30bff6bc41638f21524,61109,3100,7260,10
Tartarin,0x60e315d6bd9e82370a609ca9d3f5a09e4ffb82e0,34667,1406,31074,7
Casipy,0xb8b8b0727515c7fc6675e561270a6359109b166d,5301,412,873,85
Farfa,0x2d612ba35e081957e2dafd5ce340f872d46beeae,9304,1282,7691,26
Mohsenbrsn,0x89b7e599630f11fef1a03d5b99500e0c42c617ca,13149,1048,6924,26
izzy33,0x4efca7cc8058d5acd2bb2ccd2a9430906291cdd6,4760,1097,357,8
atdefi,0x9c3c6cf9d29ab9e9e14503dbfc9ad8bb2a0e37ef,475739,2426,304884,13
DRMX,0x3d892f8a18543959c1f8865ce7b6b45654c8f073,35860,1059,10280,9
Mckellen,0xe7573e4009e029ceacbd760a552a43b9c7b1519e,9955,930,1065,25
RileyD,0x1fbbd9803f74d43aced0b10a9fca4fe61cb245e9,10350,644,1676,106
ditto,0x39260b9be6b55b18505c6dd098d7fe0bb8622101,32757,1090,1093,54
badvetal,0x993f759b607bb3831e4d957fb7aedadd7447726f,22409,2304,2820,82
balancerfarmer,0xe08da0d972b74581ec77a3c988e47d6e56bfbb7d,660727,1117,190423,24
hoteleirocrypto,0x23fcd104a217f316dbfa66efcef38f0a084971ad,11308,912,2889,23
hideto,0xa961da5d129aa0f191b7643a7b5edc0188d393f8,18763,1270,8241,66
Gluxapb,0x89434c69dc4cc10dd7ffd75536b39548115cf339,14945,1010,5846,20
Undermine,0x99d37b12f4700b4c1f6b237ac04206c1a581d61f,451526,726,2670,10
Ultimateidol,0x3993ab7a19b7908e73ac8e9bec15430c256fccb3,592830,211,485835,70
GOAT,0xa5ab762aee588cb38d00ff162bba990451de71f3,11826,981,13224,22
givememoney,0xbdbc9751d73f29cfddb285eba08ffdb7b3395dfe,67448,1207,15281,17
Nishiyama,0x8fb9afdcc074599d86327b731f47ffa5375823a9,21493,2479,430,30
mankin,0xf6cc674930985edefcd56a30da522c327039d037,92891,1429,42627,65
Maksym_Web3,0xf0d98a662d6967329f08fcdf2be3d378abc8ce5e,7522,1604,6873,1
Mostatab,0xe203675236c15a3f59857cec0218ecda73c83dfc,7869,1085,2285,17
Alelsei,0x79a71b809a5211e5d54380a484241b9e37375f71,12688,1827,1069,118
kuhoerk,0xe16609a91291dd45abfcd8555b6cb3800a86a4a8,36112,581,2909,30
Galaanto,0x520768717f317893e749b363399f51bc8a092cfc,34109,2401,22673,5
zerotrust,0x9a31ec2df5d42aa0537ff845b01512112d94a7a4,181961,2440,4379,12
PB227,0xdacaa0a24985f662567885a123b3268884a221f1,16284,988,11769,26
SinfulCrypto,0xf203840d1d187d2a6fe4e9e2f62a5181a0e07061,158093,2392,48981,85
GemVanguard,0x4cd2050eeb6f2c47ca6a0deaa53f89ba587f2617,57797,599,24619,3
kudasaiUS,0xfe0165542fbe9f95ffb21a94318e8a84fdb1ec5b,10925,796,779,14
MacQuween,0x2177b6f5665987cb9794b43c0dfa9d3e953a1e70,287612,515,37764,41
90web3,0x880807ca35b45f007854e0e834a605e397354f42,8303,1204,296,19
defitrader,0x6c7286c5ab525ccd92c134c0dcdfddfca018b048,75093,1211,40272,48
Memob,0x3dc468779c943f50b6cc5158b4c0247698fd51cf,1026613,2450,707813,27
Dinkip,0xf123e9b47aa50265d01cb0b69b2b027ab8e5470e,108110,1730,20786,16
ROLL,0x8caac1cd3de19fd5b1acaa79e5b157df30f7fc0d,58380,2400,18072,5
Timmy,0xa622b86f5df035641bd330bca66f518aa139df95,92164,1309,4688,22
miitora,0x79072f96b6a5e8d69a66e0eaaef49674ef0dd8d3,70508,1168,12551,68
Kopyright,0x55db0e580a95725cf97368efb15125fb2e94afdb,5610,1144,1076,19
Lemberg,0x12dfa60d8d5e4c3b812412b54f0d9b3b5f2eaf3b,7602,1204,6445,4
FCSM,0x3be7815f8865e3a279bfb303d1f53f6c60cd82f9,5207,918,3554,5
diamondfarmer,0xb62dd3fed834f95a91ae604ef626e4b430e6c9cb,50367,1330,336,13
kolobok,0x11543633ad8d1bf7546947d07f969f3c9d8a4bd3,11576,456,2431,15
Pelby,0xef8acdceee68227988cc980a7c9216c4f328c23d,4573,1094,381,16
_hjkl_,0xfd3f8cf91a37f93890a90d0eb1d6e911349766bc,1664011,405,2548,17
AntoineW,0xac4ddaf8fbffba0f1e8c7619720335fd4f03eacd,114273,970,14858,31
fommes,0xa2e7002e0ffc42e4228292d67c13a81fdd191870,10126,1365,3290,31
989898,0x38f88f7541d4a26bf26901359ebd0a0f0b84bf5b,27369,1491,18019,27
Oduvan,0xc32b2f0e3d16056134c25f9cb037de002e35192b,12450,861,2856,6
cryptonaive,0x9a517b5d1fea6e42d50e711fa212fa8121c1f939,23869,1169,2805,16
andregoncalves,0x7caec00e024bbde0dcdaeed9c9407baf88fdc65c,6102,1225,952,100
defi_ninja,0x2cb97dfdcb93ea3d4534739ff34fdb2665cc98a7,558113,813,118567,27
OLDMAN,0xdb912fab7ab5fd40f17fd470573b3b999c62232c,84409,1030,55392,27
Crypto_Chirac,0x5855c640b4f6c86bbfe13dbf91b238046e93739f,88884,1360,11891,19
artemka,0xffd2a8f4275e76288d31dbb756ce0e6065a3d766,4612,1649,3638,13
remidot,0x8ed876fded3699c590be3e12cef56e23376eff3b,80710,2630,3019,64
izumi,0x5f1f6c7ae6944ef82966365946c1eeb2ea7a9505,12976,1191,6314,58
llanero,0xd28a4c5b3685e5948d8a57f124669eafb69f05bb,1139573,973,883843,11
CRYPTONEWSs,0xdfaa204f863b750744c2754f83c410d85ba75f2b,4229,602,934,16
DefiWorld,0x36c7b7f5a4896684fad6fc71e08746952a369405,8734,715,3092,58
GeorgeSoros,0xc2a36d8cdd875ff464e7413d0bb48f3c9fa7775b,40858,1070,5193,25
Polifemo,0x47c5dcfd55b83fbd0a39ac62db9558624723d29f,7567,1530,4423,51
monchu,0x75e717e55cc26746838c3e2ccc3ccf6b8eb954ec,38064,1297,14115,34
Bazz82,0x7117248ddc900ad01b78c02462b09f3c594b13ea,35526,1008,14521,67
ArtemAG91,0xbd48f383b021db319df023c0ba19646f57ae4178,4346,415,1303,27
kolbass,0x2421134c8e8278ad199f6886ae70c5c373da3b48,12205,1685,3634,22
Mrpibby,0xa91e492b00c00b6a05186e85754133d2790ea009,31766,734,4287,84
dota,0x245c817bb7c5648cdaddc96cee166173094391f6,19586,1458,12335,88
lirikk,0xc54b97800454ca7fc81a3716a7db6962a40f4aea,19642,1139,5426,172
Kris,0x5c81a36cf53f985369a79092f8f6f5fc40495ed0,11641,1705,4679,7
MCFC,0x3574e417f432c58ec1138d226ec3b170e4471c0b,2650,1199,1689,12
Leandrodelete,0x7e8d97755b176349a3da82107b2339fb95049905,11380,1142,1689,14
ale5co,0xe2e13bfffe89ac34d146391de09452057b8af3f4,193551,936,50438,35
Shuvi,0xe6ddde2cc95118e5815c4aa087f60cd01e35d498,4873,612,6144,7
echocum,0xef75d606fb8b08d1ee5800fd379843ca53464ce1,23928,1125,15147,55
albuquerque,0xb26c469c17154911af343e506ed8efcd77eebda0,1648,393,152,31
Dloviso,0x923b1f67cae909e944eb8b561ec66199d07f1a05,8396,1246,2378,20
MegaBits,0x638c03201e2eb0d34e0f9ed14f4155192f786e9e,9343,921,891,43
archelon,0x43cc5f33bb7de3e8e0568b63c009ce47392c9edc,17183,1114,8372,102
WalterGeorge,0x5cf24f62bcc2fafa056c8d1429bc799400e285ab,2934,2049,66,23
tototomato,0xf0f84332ef58fcd4f9f53014250159304779aeba,45964,1185,22857,12
BIALY,0xf9c58eea107f9eaa891f1bce730bf4de902465a6,59963,1135,35455,37
monkey777,0x2130fd01026867a6c8dde24ad5e64f2e2dfce196,763498,2502,72019,34
benjake,0xe61d6538c850725199ecd825d4e5de898991901a,154241,2613,47489,24
MMM1,0xf08f84d7c7f0a18ef0fbf2f5c0ad0727e9ab9744,13722,1117,181,7
GoldStar,0x050b6ee782a6c25cbe3da0624a27b23067fa6251,2777,988,1358,14
OlgaK,0x85c7d244c6057d42c770ad85ae198fc5f47957fc,44897,2195,11278,41
djasus,0xfd289c26cef8bb89a76252d9f4617cf54ce4eebd,65714,1330,63743,20
jafar,0xec7929dcbb91793596fdded022307f1627fc9017,32182,2182,3083,24
yonagi,0xc724e609d9a3968013ef8ce0bf2cb48971a9b01d,24963,809,1890,19
TecnokasExpress,0xb207d34a81941bfa3c37fb865d4457988ccb27fa,10512,999,2589,87
jmen,0x147e16f0bf524a95d07dd7113f4c7e7c1bd67921,8552,2348,5997,26
J1111,0xd62d284e404ade4f76dd7095a135639fe953d331,288211,2051,136445,14
deriel,0x8d452c1f4bae385b13933c83ecff70d74229915f,106084,2490,8576,102
Ytsme,0x34343908ee6eea5cc636271b99a9dac6c74bf2dd,179344,1015,26807,2
FUNDBARON,0xcff9dff64317b822d36a7e649983b15c8900db30,5166,861,1486,9
4ndre,0x1e8a4ec0a8546c532a929c7d53fc3e8853b963f1,28925,997,7818,48
DeTravis,0x4f517f2d959478cf4a4cf68c5db2be4c5cf8bdd0,541307,1301,10381,26
Pseudon,0xb7fa2214c79cabc24cb270f57d52b83a2a7fedd8,881246,1244,183679,11
Gurkan,0x95305279414f309891342224e8afc192d4506cfa,8111,1251,2854,28
meteorjiel,0x34bdc44a9141348d3b32f2b551a9133215d51c78,15807,1262,9445,66
AforAbel,0x4fe23e87d977ea6484b01915ccd2746335e55dfc,948658,1450,1738,20
british,0xbd7dbb5886786af713ebb1841323c528699bd92d,52940,962,10506,30
OMV001,0xfac0752f644599a63295a9c76903bb533b945d1c,16066,1866,8601,51
6c525,0x8ce17ff2c7376e9adfe9c63c47a801097fa6c525,1378315,2320,93524,33
BTCUSDT,0xf08c0faa304bda6ed2868ca39a2ca2df531350c4,5567,995,637,15
jack007,0xf232a4929942decde4ab59c779f6b4393e64359c,3737,1208,2819,24
majnoon,0x6b6325c436b5c54b3b579cebaa1a339f96d33d38,6143,1273,5327,5
DScripto,0xf257391ef5237a4365189115a7ac6c456ec74452,2314,1423,343,21
DynastyDevil,0xa25977e9ec59b8a67ac1dbf305ac40cc96a86971,31100,961,10301,14
Cutsom,0xb6e86aedc1f88fbf5f95c64934c18846dd088cdc,51153,1875,48922,4
DobroNFT,0xd515cbd2249bc4861769940e3f31f12611392280,4593,1168,4221,4
Mesut,0xa3df90bf8e8183a74b537b27e3955ba7d8de199c,35269,1063,13118,71
surpassinggoogl,0xa4e3d1be71e1ff77ec9eecffa4254631c06b4fc4,35706,2602,21232,75
martic,0x9d299848748e15b6dbfaef30b8e054b370d60ecc,65330,2408,15994,77
HERO79,0x1e65f7e715078ed4268a75b25f45e0129333896e,590,1432,503,7
Cryptororo,0xe0a46db77fe3932a901214bfa0a1389d3e996332,13961,1229,259,26
afsoo,0x1ac1a90b1dcd33f7979be3afa9dcd3b70b8a76a0,25517,1055,16803,21
Mikeeve11,0x37403db50e79631838cebe89a62fe2b34c31c184,10733,1304,622,68
degen_chad,0x158cbe24e0c054c5d06c5984763177ccd27839a8,244366,1268,47621,43
HouseBlock,0x5929cc4d10b6a1acc5bf5d221889f10251c628a1,244077,693,11753,64
hakka,0xfbd08fd2b2c7148b4e38624158c3155b5b49f886,79392,804,10887,79
LizardKing,0xe27d9e71a92eb928d033194987be22998b336068,25992,511,5530,87
4game,0x957e6b868269ac973c98275e69faf5a26ba795f5,2651,526,921,7
Lagerboy,0x9859a4583763a5ca30cb3dc676b41eae3b628e4a,66584,1222,5692,33
LinaMavi,0x68b21924d24aacf2b5ec224de48c9bab2263b803,2578,685,68,2
Marquise,0x5ec4c80ea21186dd12e6f79921c55bcab51ec3f5,11749,1060,2388,10
an0nym,0xa81166522864e01ab36071dd8a61d88bc808c581,8413,964,3985,32
miho,0x5dd6fd6f17b550f45129e4e62bf4e7bd7e05f6d0,26611,802,11701,98
Mika,0xb439b0844d0d9af237ff37dc2379f07b6cd06171,87574,1055,32823,45
Badik,0xbb932982fc7c8bfd3c2ed8ffb31bba1c406eef5d,7453,526,3134,38
BatRus,0xa9786da5d3abb6c404b79df28b7f402e58ef7c5b,60992,1259,5186,38
Starny,0x79603115df2ba00659adc63192325cf104ca529c,17791,968,1459,21
Zeus,0x86a851c344c76f39a5258d9fe431b2660fae8479,186026,991,762,8
ElectricBabe,0xb7babe35ce543e2cf2f615cb1c792a2025feb572,127777,1465,21838,15
PhilV2dot1,0x799c04752dc44a9bb189be597b99952c88809cf8,43981,918,11875,162
piowlo,0x5dee0c7c36f0ef68da9c215b7b20701d84e4f8a4,24239,1319,11485,24
shammi,0xe1e874263653ee2b62c9c19fd740ef10c663bbf9,2138,2205,1545,30
MrRedl,0x95b49e38b2a3140f5242d57f6ec34920601ae193,4518,2384,1458,121
kopayapaya,0xe6cc5e3ebb07b5156ba3af510b8c6ca19804d88e,77009,1525,8592,60
SkorPion,0xf7547ccb53d4e8f5edc5e6001cd6a82ac6b330e1,9306,698,8823,1
morning23,0xb1a8f2e0ee07b2170a27971716eb1efdb92e7a08,54617,863,15628,12
ALINIEX,0xebb9342e7040073d03b694c55ca9ebb2454dc2c1,169818,1685,733,1
Rombo,0xec29a515242fdb6cb6f63ea6531e9e1a28c912ef,1855,1463,1834,0
Pizzacat,0xee5ce06accce11bc77c5a93723c8032d9108f22d,323841,1393,320992,6
Cryptonit,0x6207aab1d68a6003641ef74f2c59cb934d59575a,3569,1227,432,59
Conor,0xf69c4bd64799e7e21829f15be99adee089a8d1c9,53278,2352,13558,55
Baty,0x593cb13b5bbcb2ba8456aa15cda4c96418373faa,45547,2652,7939,22
frankfurt,0x9b3b5eb870466e14bcd29cf9702e6671d381d7e2,185137,1113,14089,11
Sberbank,0xeb417be70529d525485a9c71ce428166be86e8d2,30043,2405,7615,25
kimba,0x5723884186fbf9d186921e2a5eb337b60690e724,1038,1160,109,10
LESSERAFIM,0x2dc5b4261159fffaa56c4e197605d05a72a7b368,6901,1081,1724,43
0xDavide,0xc3be1583772305b6cb802189ae0043d1ad5587d9,43519,1649,15070,35
WakiyamaP,0x880c4f74c3d4c39d75f8e2ad958f40671416bf66,8680,2875,3329,50
Calman,0x8c702a9a6e0cd14a53251c630743c4f5327edde8,81949,1118,58565,128
head,0x78b1a5612044ec6e183a3e7f90cd891a0bedc160,7747,662,1538,14
akira_c,0xff1882511a5673194b252c35f2530562f74f47e4,96963,1171,33101,33
tuneoftheday,0xfe968f385ca7a4eeeb395e5c4cfa5140d62572ff,8832,1093,7337,28
arshad,0x08cbde20118192b7ef3bb2a2f02f03f34541b70d,4963,920,2782,52
Whitepaper,0xd3ae31b669ab51391f9ba970773a414c0ae152af,1901,2348,400,47
FantomIndia,0x7903d1053ebdbe1f50783752f3b0d834213a799a,846996,1387,50648,15
mheydari,0x6ac5a8d0203b9cc4752647f2aa4aa87c7f290774,14873,1114,9788,45
olen,0xdd77a81910f4513524bda1394a3de2237e4288e1,54300,2449,27730,26
Vorontein,0xc04e7333dd3e5b27fab9b22d45963124c31ff67d,30006,982,14782,23
MicanFT,0x0a6387657e6fc8bfcd7722d8e982357fba4ce363,8134,373,6248,1
0xUndefined,0x18da151be0e039e784255889760ce19d2ec58a92,46930,2450,29522,21
BrTK,0x50275e7e7363abf4758d20050898003227d3126f,19587,1280,7400,69
woyttaz,0x479104a082bd77e72f1ec511eee83a5b11c475f3,13350,1327,2157,14
forty,0xa2f17baac9e5bbeb653d13674302acaa82e3eed6,6605,1136,2017,43
0eth,0x7e95da20083bcb74fecec9c77966c7d376b5a0d0,22256,1274,16744,43
defizombie,0x5908df4c5b673d4c0c3666c529f79104700a582e,53673,1093,6151,41
fBOMB_MCLB_MAXI,0x28aa4f9ffe21365473b64c161b566c3cdead0108,20820981,998,2816052,72
meysambazoo,0x9a74ec99bd88eca680485da7f32fca05af375dcf,14947,1070,7059,86
nari,0xf0669ef23b776bb5998920647996bb3a137ca52a,81875,801,4751,43
Jappel,0x9edc773e6b082cde832af5bd0913725d07daf9ac,9601,1266,7888,6
puchki,0x2bc12061c8912505978472c21d4a23db43af62aa,12398,1643,3228,169
Goodboy21,0xa42fc4ca35dbe3c9c529c6509445fe7664e22bb9,8580,1082,919,57
FoB0SS,0xc97252f98b7159251d410fe237674dc5bf7465a1,106290,869,13718,19
pleb,0xb4fb31e7b1471a8e52dd1e962a281a732ead59c1,4362326,1650,707909,26
ben101,0xcd5d8a3ecb1780316e653dfe00f8b0335fd8ece1,38444,1328,36812,17
sosmarteth,0x086baac117d563270ec8ecbd465d6efb10f9f9f4,18311,883,1670,35
Shmink,0xc612bda4a16c9dd2054e23e0bb5f16b8b073271d,963569,1049,4740,14
wisp,0x87f69e8b4bed7d41383592647c6bdf2f9621f6d0,4821,1126,532,16
AlexBlack,0x47649936dc49ebbbe8c2d87bb1543bfb25f9dc3d,16813,1447,2760,37
Smirnov,0xe38c101875e034bc5ff90d8d77c81e646aa207ba,9214,1482,935,26
aurmid,0xaec416eedcbbf56722b0dca63c62bc29518e108a,869,492,735,12
Juicer,0x2098868b1cc5374951eb63724342c7a875595127,75843,1278,2081,30
BTCRaziel,0x40325d6186d1dcc2ba1c7ae0de8cb55fb2a8945f,80277,1675,12617,7
DVmotion,0x1069c820c67a0b4b177715fe852f37114f421c97,6394,1085,2622,44
prime,0x56d79fe635196e734ce29d7a8ccd8014865e790c,13133,1290,1750,72
alexpr1me,0x785b411284965ee3d3be7071fbac3720168e21ab,44363,1201,41025,3
OGwallet,0x2c65341c510298b486506039d73d9880c4d49083,17550,1184,12969,44
Nekosan,0x1bcca17aaf9a062bb0951bded17dc56bd397ccb2,23536,1099,8474,25
ho3ein,0x8511be971f2e767a3232dbea4183f345b65b0ef2,12660,964,5431,21
DeBankS,0xb9e4aba2c792afcf91637597ddab97a4bc420102,2538,1431,1839,21
ProMoney,0xcc113d400e9c9e25bc6f8ecdc08f9767dd1c6fe5,6802,1122,4241,19
eblan,0x4d3711c1effbc584127f03b3c3054f18f0cb3870,57629,1441,41411,12
jammin123,0x8493eca71bbe028ce959c760e209e3ad73ecc86c,64390,657,3648,53
inf1nity3,0x2eb5bbd6ac55a3ff064ee0a9e4d4a839d90a8207,93077,1475,962,23
BryanPellegrino,0x1522c627472ce025df05d9630fa51779683ba698,3907,790,788,42
EddyNock,0x687fa84fa5aafc44f85204652f39e1cdfd47d114,29431,1206,1867,11
no_one,0x2a812626c2838dccb53fde027fd4d6fc3f6d7ce7,13093,1059,1392,27
e1ght3,0xec4a3d189801f8c2aa4bc76f625a237683424567,189256,2696,176670,6
Mare,0x98ea384236444389098aab508dfefe40876944b4,57977,996,12888,48
pointmash,0xf84d6d2dc4a432b98a7d5b3160373d33158a4c84,396110,869,100514,17
Yusuf,0x1b32b80a938910b638bb96d7eb4096a380c77139,3968,709,1265,33
nikolay22,0xc5fa8d1c5e226f3901e11246f5986847c63534e9,25124,418,8262,77
r0ckhead,0xaa638a5426ad0904cc52e161b4a4832168eb9d40,90160,1431,25921,90
bondy007,0xac7f7595cae709d43099c6b2542ec01f3bf92898,19097,1258,4185,47
waxanator,0x51ae51ea0cea748c6dce1bebc50de352345fc822,163758,1003,67257,10
0xd2b,0xd2bc4e7ecfa4ec39069623854cd114dcd8771b84,428902,2665,55086,20
LaFlame,0x2c417b8e154a99f962b3b386313ab23f99fa6171,3883,867,2455,14
Landas,0x60c92305ce125b440ef97439f26396f2f3beff48,10826,1549,8373,27
CryptoBusiness,0xd715fe817e7f6c44d937c557b445c10bd2baec51,2433,645,2232,1
Sense_psy,0xd31e9a3e1321c89bb6b400eae70a507e49c1f4be,9386,986,111,21
SoullesS,0x5183e0203858aa3e3bc3a7d9cb41875a4c0a6216,3412,1207,727,58
PolishDegen,0x5af58f280e51fc99ac1011b093116a097be28bd7,9475,1308,3512,28
Deathronik,0x57b519468a253c8afb7d52e74e7572f29f194758,8211,1099,177,5
Maxim,0x1a5981545d558ff8a70e6c17a13e7d8838909e77,14792,1649,9221,122
FUSAFUSA3,0xeb18c95d461b49000084016a2ff5a07a735d1768,60175,1274,2718,25
KIZARU,0x380ab3e1748023e1b7a7266a579ac40c4b2b6af3,2411,909,953,6
metaverse2022,0xe448d9d70efe95714e38d210e58d458dab0a77d5,7015,2333,1443,110
Summer_Soon,0xb087a5e872d94369e056a624f6b16db13be82850,4598,1419,1268,12
SayNo2TheMind,0x644be8a25be30a21e2dffeae4fc43937fbcf3efd,119375,1548,51445,14
Safefarmer,0x2de9d6f84e28f3a347b97c6a3db51d366e65ba4c,59339,831,337,4
SML_Ventures,0x18ec5566ad26e2ac609822395d6d9e98a39c90ef,41660,1591,5310,50
Jiyuu,0x93fc1f35f53a9553534979233caf273214c51fd7,339507,1957,21878,30
DH_UT48,0xdcc8f181295cfcd9ce83f8be87cb16902c2e1aef,3753,2437,640,42
DigitalTrapper,0x2ef9ebf18c2108f2b8a8b01db5bd633f2ce202c6,21658,1337,2758,84
Upstrick,0xcaca92abbf03e62bb450ccf72b877c6bae36eeb8,9538,1106,3309,18
StRandom,0xa9568370b7f9ef732fa2a5a0acdc70d80482a405,11365,1049,7212,9
mahD,0xdb21b58c882b08ef367d2336aed9e234a9fb9b20,40315,1171,15982,64
Scarfesse85,0xed9a711ff766d9e06e08d6b9a60b915eb8dcd6e5,43153,872,331,12
0xlolz,0xe9c208e0887b94b8c81cbd7f3e5e10cf862d5360,23013,1298,12962,57
Abpukoc,0x6d2cc73fbf33a17124c503b20c7c61ffe9965712,11901,779,320,10
joaoroeder,0x1649b26eae366218f774286c38a167c1c69afeca,9751,1257,369,34
BodrArt,0xadaaba40eb86359e35f8af15099174a0ff4cec6f,31387,1031,14806,105
Femtoamp,0x97fc44ea8294b7c0c4403df309f6bb769c35624b,298695,667,115634,11
BUSHIDO1979,0x3862d1721fd3e69629c088baeb8a8c56d0d73107,638,1027,44,10
ron1418,0x801769d65db922dd71825e62c2e84316d65b47fa,4264,510,33,20
salty2755,0xfe67d1249e2555a051069ce6cd46021b7fd63f82,18422,1205,7669,69
inde,0xa8ec567d5384070cf1b52a79690fe8407ad18698,28363,1838,15547,56
didbit,0x984253cad96157b89255f4674e5362fc0feb69ee,12379,1304,5794,38
sporapok,0x43075f64faf7d910bd4fc644c12f2fffbbb8c536,41818,1373,34413,39
einstein,0xc7bfd896cc6a8bf1d09486dd08f590691b20c2ff,7405084,1671,68127,21
pirosiki,0x415fce36e2dc12421f20b93dbad1dd68bd2f6db6,44464,1444,18907,21
Marlboko,0xbfe1efa782028779a9559e9ef6af483822b0fed4,30719,1343,2790,58
alafika,0xad44438923400ce0b520882a796c8d086305e7fc,8069,1092,3530,22
Ruslan86,0x9ac3a9f189f1dcd00da53a85641838e4d6fbc5f4,1406,1110,414,30
IntelPocik,0x28d424ca841f4f1d08d76d491f3a221783c85581,12783,880,9130,41
dexy,0x85f7380f58eb043f9edbbaa55f1f4ac5a99b268c,32455,791,6545,13
Vioo,0x8450a7852495dafe063c3e436d0750698777965c,38785,1202,1783,101
konityan,0x9f97170f75732f1b9f9a5e4bc39d7ed71059a368,16088,1088,3735,167
Toinounet21,0x8964a0a2d814c0e6bf96a373f064a0af357bb4ce,437690,1187,66702,28
spikegg,0xedbb38bf5ba876981dce91c3a8e7606ade82d6e8,3266,1071,2348,14
newwanger_eth,0xc0567a6fe0f3083603d639c8233024e8bd1926d6,1038181,2292,4421,8
